2026-10-03 05:54:19,310 | Session 20261003_055417 | run=cyclegan_r9_diffaug_ema | device=NVIDIA A100-SXM4-80GB | torch=2.11.0+cu130
2026-10-03 05:54:19,312 | CONFIG {"run_name": "cyclegan_r9_diffaug_ema", "seed": 266, "img_size": 256, "load_size": 286, "max_photos": null, "data_on_gpu": true, "ngf": 64, "ndf": 64, "n_res_blocks": 9, "d_layers": 3, "epochs": 60, "decay_start_epoch": 30, "batch_size": 4, "lr_g": 0.0002, "lr_d": 0.0002, "beta1": 0.5, "beta2": 0.999, "lambda_cycle": 10.0, "lambda_identity": 5.0, "pool_size": 50, "diffaug_monet": "color,translation,cutout", "diffaug_photo": "translation", "cutout_ratio": 0.25, "ema_decay": 0.999, "amp_bf16": true, "channels_last": true, "iters_per_epoch": null, "log_every": 100, "eval_every_epochs": 5, "eval_n": 300, "ckpt_every_epochs": 10, "out_ext": "jpg", "jpg_quality": 95, "infer_batch": 32, "infer_limit": null}
2026-10-03 05:54:28,317 | Loaded 300 Monet + 7038 photos in 5.8s -> cuda
2026-10-03 05:55:33,789 | PARAMS {"G_AB": 11383427, "G_BA": 11383427, "D_A": 2765633, "D_B": 2765633, "total": 28298120}
2026-10-03 05:55:46,405 | FID baselines (no model): raw photos vs Monet = 122.3
2026-10-03 05:55:51,927 | Starting a fresh run
2026-10-03 05:55:55,127 | Training epochs 1..60 | 1759 iters/epoch | batch 4 | bf16=True
2026-10-03 05:56:22,952 | ep   1 it   100 step     100 | G 10.627 advAB 0.673 advBA 0.758 cycA 0.304 cycB 0.324 idtA 0.285 idtB 0.297 | D_A 0.797 D_B 0.706 | gG 68.08 gD 29.91 | nonfinite 0 | lr 2.00e-04 | 14.4 img/s
2026-10-03 05:56:42,284 | ep   1 it   200 step     200 | G 8.249 advAB 0.369 advBA 0.381 cycA 0.250 cycB 0.267 idtA 0.229 idtB 0.238 | D_A 0.287 D_B 0.294 | gG 60.44 gD 15.64 | nonfinite 0 | lr 2.00e-04 | 20.7 img/s
2026-10-03 05:57:01,627 | ep   1 it   300 step     300 | G 8.199 advAB 0.369 advBA 0.386 cycA 0.250 cycB 0.264 idtA 0.224 idtB 0.237 | D_A 0.279 D_B 0.266 | gG 52.18 gD 16.89 | nonfinite 0 | lr 2.00e-04 | 20.7 img/s
2026-10-03 05:57:20,947 | ep   1 it   400 step     400 | G 7.373 advAB 0.368 advBA 0.382 cycA 0.223 cycB 0.234 idtA 0.203 idtB 0.208 | D_A 0.263 D_B 0.260 | gG 46.80 gD 16.77 | nonfinite 0 | lr 2.00e-04 | 20.7 img/s
2026-10-03 05:57:40,293 | ep   1 it   500 step     500 | G 7.174 advAB 0.370 advBA 0.385 cycA 0.219 cycB 0.223 idtA 0.200 idtB 0.199 | D_A 0.260 D_B 0.254 | gG 46.15 gD 16.20 | nonfinite 0 | lr 2.00e-04 | 20.7 img/s
2026-10-03 05:57:59,645 | ep   1 it   600 step     600 | G 7.172 advAB 0.393 advBA 0.385 cycA 0.211 cycB 0.231 idtA 0.193 idtB 0.203 | D_A 0.249 D_B 0.254 | gG 44.36 gD 16.04 | nonfinite 0 | lr 2.00e-04 | 20.7 img/s
2026-10-03 05:58:18,967 | ep   1 it   700 step     700 | G 6.834 advAB 0.391 advBA 0.394 cycA 0.202 cycB 0.214 idtA 0.187 idtB 0.191 | D_A 0.252 D_B 0.239 | gG 38.65 gD 15.80 | nonfinite 0 | lr 2.00e-04 | 20.7 img/s
2026-10-03 05:58:38,325 | ep   1 it   800 step     800 | G 6.962 advAB 0.389 advBA 0.408 cycA 0.210 cycB 0.215 idtA 0.194 idtB 0.190 | D_A 0.249 D_B 0.240 | gG 40.08 gD 16.66 | nonfinite 0 | lr 2.00e-04 | 20.7 img/s
2026-10-03 05:58:57,674 | ep   1 it   900 step     900 | G 6.856 advAB 0.402 advBA 0.399 cycA 0.200 cycB 0.218 idtA 0.185 idtB 0.190 | D_A 0.242 D_B 0.245 | gG 38.93 gD 16.99 | nonfinite 0 | lr 2.00e-04 | 20.7 img/s
2026-10-03 05:59:17,039 | ep   1 it  1000 step    1000 | G 6.714 advAB 0.406 advBA 0.399 cycA 0.192 cycB 0.215 idtA 0.180 idtB 0.188 | D_A 0.246 D_B 0.232 | gG 35.97 gD 16.55 | nonfinite 0 | lr 2.00e-04 | 20.7 img/s
2026-10-03 05:59:36,350 | ep   1 it  1100 step    1100 | G 6.892 advAB 0.416 advBA 0.428 cycA 0.202 cycB 0.217 idtA 0.189 idtB 0.183 | D_A 0.237 D_B 0.230 | gG 41.59 gD 17.17 | nonfinite 0 | lr 2.00e-04 | 20.7 img/s
2026-10-03 05:59:55,761 | ep   1 it  1200 step    1200 | G 6.956 advAB 0.435 advBA 0.445 cycA 0.204 cycB 0.216 idtA 0.185 idtB 0.191 | D_A 0.245 D_B 0.228 | gG 41.01 gD 17.72 | nonfinite 0 | lr 2.00e-04 | 20.6 img/s
2026-10-03 06:00:15,141 | ep   1 it  1300 step    1300 | G 6.765 advAB 0.462 advBA 0.446 cycA 0.192 cycB 0.211 idtA 0.179 idtB 0.185 | D_A 0.220 D_B 0.219 | gG 38.80 gD 17.04 | nonfinite 0 | lr 2.00e-04 | 20.6 img/s
2026-10-03 06:00:34,530 | ep   1 it  1400 step    1400 | G 6.510 advAB 0.459 advBA 0.441 cycA 0.188 cycB 0.198 idtA 0.175 idtB 0.174 | D_A 0.223 D_B 0.215 | gG 35.62 gD 17.52 | nonfinite 0 | lr 2.00e-04 | 20.6 img/s
2026-10-03 06:00:53,902 | ep   1 it  1500 step    1500 | G 6.511 advAB 0.458 advBA 0.484 cycA 0.189 cycB 0.194 idtA 0.176 idtB 0.172 | D_A 0.214 D_B 0.215 | gG 35.71 gD 17.60 | nonfinite 0 | lr 2.00e-04 | 20.7 img/s
2026-10-03 06:01:13,268 | ep   1 it  1600 step    1600 | G 6.511 advAB 0.495 advBA 0.502 cycA 0.188 cycB 0.191 idtA 0.177 idtB 0.166 | D_A 0.211 D_B 0.212 | gG 36.84 gD 18.83 | nonfinite 0 | lr 2.00e-04 | 20.7 img/s
2026-10-03 06:01:32,652 | ep   1 it  1700 step    1700 | G 6.800 advAB 0.467 advBA 0.860 cycA 0.180 cycB 0.198 idtA 0.169 idtB 0.171 | D_A 0.850 D_B 0.206 | gG 34.28 gD 26.90 | nonfinite 0 | lr 2.00e-04 | 20.6 img/s
2026-10-03 06:01:44,056 | ep   1 it  1759 step    1759 | G 5.958 advAB 0.412 advBA 0.280 cycA 0.181 cycB 0.181 idtA 0.170 idtB 0.159 | D_A 0.249 D_B 0.195 | gG 31.66 gD 8.79 | nonfinite 0 | lr 2.00e-04 | 20.7 img/s
2026-10-03 06:01:44,059 | == epoch 1/60 done in 5.8 min | last G 5.958 D_A 0.249 D_B 0.195 | ETA 5.72 h
2026-10-03 06:02:06,294 | ep   2 it   100 step    1859 | G 6.095 advAB 0.449 advBA 0.285 cycA 0.179 cycB 0.188 idtA 0.168 idtB 0.169 | D_A 0.248 D_B 0.219 | gG 31.83 gD 13.02 | nonfinite 0 | lr 2.00e-04 | 20.4 img/s
2026-10-03 06:02:25,724 | ep   2 it   200 step    1959 | G 6.019 advAB 0.405 advBA 0.297 cycA 0.179 cycB 0.186 idtA 0.168 idtB 0.164 | D_A 0.244 D_B 0.219 | gG 34.39 gD 11.81 | nonfinite 0 | lr 2.00e-04 | 20.6 img/s
2026-10-03 06:02:45,143 | ep   2 it   300 step    2059 | G 5.825 advAB 0.398 advBA 0.311 cycA 0.173 cycB 0.177 idtA 0.163 idtB 0.161 | D_A 0.234 D_B 0.219 | gG 31.29 gD 10.62 | nonfinite 0 | lr 2.00e-04 | 20.6 img/s
2026-10-03 06:03:04,582 | ep   2 it   400 step    2159 | G 6.060 advAB 0.437 advBA 0.320 cycA 0.177 cycB 0.187 idtA 0.164 idtB 0.169 | D_A 0.226 D_B 0.221 | gG 32.49 gD 12.38 | nonfinite 0 | lr 2.00e-04 | 20.6 img/s
2026-10-03 06:03:24,030 | ep   2 it   500 step    2259 | G 6.025 advAB 0.447 advBA 0.346 cycA 0.173 cycB 0.187 idtA 0.157 idtB 0.169 | D_A 0.215 D_B 0.201 | gG 33.66 gD 12.15 | nonfinite 0 | lr 2.00e-04 | 20.6 img/s
2026-10-03 06:03:43,510 | ep   2 it   600 step    2359 | G 5.985 advAB 0.454 advBA 0.425 cycA 0.173 cycB 0.176 idtA 0.162 idtB 0.160 | D_A 0.208 D_B 0.204 | gG 31.72 gD 14.90 | nonfinite 0 | lr 2.00e-04 | 20.5 img/s
2026-10-03 06:04:02,963 | ep   2 it   700 step    2459 | G 5.919 advAB 0.441 advBA 0.413 cycA 0.170 cycB 0.177 idtA 0.162 idtB 0.158 | D_A 0.205 D_B 0.216 | gG 30.45 gD 14.72 | nonfinite 0 | lr 2.00e-04 | 20.6 img/s
2026-10-03 06:04:22,393 | ep   2 it   800 step    2559 | G 5.893 advAB 0.434 advBA 0.391 cycA 0.171 cycB 0.175 idtA 0.165 idtB 0.158 | D_A 0.220 D_B 0.228 | gG 29.48 gD 15.05 | nonfinite 0 | lr 2.00e-04 | 20.6 img/s
2026-10-03 06:04:41,848 | ep   2 it   900 step    2659 | G 5.934 advAB 0.421 advBA 0.403 cycA 0.175 cycB 0.175 idtA 0.167 idtB 0.155 | D_A 0.210 D_B 0.218 | gG 32.12 gD 14.11 | nonfinite 0 | lr 2.00e-04 | 20.6 img/s
2026-10-03 06:05:01,287 | ep   2 it  1000 step    2759 | G 6.087 advAB 0.437 advBA 0.406 cycA 0.177 cycB 0.184 idtA 0.170 idtB 0.157 | D_A 0.220 D_B 0.198 | gG 33.48 gD 14.39 | nonfinite 0 | lr 2.00e-04 | 20.6 img/s
2026-10-03 06:05:20,700 | ep   2 it  1100 step    2859 | G 6.174 advAB 0.447 advBA 0.408 cycA 0.179 cycB 0.185 idtA 0.177 idtB 0.159 | D_A 0.208 D_B 0.220 | gG 32.94 gD 16.09 | nonfinite 0 | lr 2.00e-04 | 20.6 img/s
2026-10-03 06:05:40,151 | ep   2 it  1200 step    2959 | G 5.820 advAB 0.416 advBA 0.429 cycA 0.167 cycB 0.173 idtA 0.162 idtB 0.152 | D_A 0.227 D_B 0.204 | gG 31.63 gD 16.24 | nonfinite 0 | lr 2.00e-04 | 20.6 img/s
2026-10-03 06:05:59,630 | ep   2 it  1300 step    3059 | G 5.851 advAB 0.453 advBA 0.374 cycA 0.168 cycB 0.176 idtA 0.161 idtB 0.157 | D_A 0.225 D_B 0.204 | gG 30.62 gD 14.16 | nonfinite 0 | lr 2.00e-04 | 20.5 img/s
2026-10-03 06:06:19,099 | ep   2 it  1400 step    3159 | G 5.818 advAB 0.438 advBA 0.417 cycA 0.165 cycB 0.174 idtA 0.158 idtB 0.157 | D_A 0.220 D_B 0.213 | gG 31.44 gD 15.78 | nonfinite 0 | lr 2.00e-04 | 20.6 img/s
2026-10-03 06:06:38,549 | ep   2 it  1500 step    3259 | G 5.995 advAB 0.462 advBA 0.429 cycA 0.167 cycB 0.182 idtA 0.164 idtB 0.159 | D_A 0.201 D_B 0.197 | gG 32.33 gD 14.47 | nonfinite 0 | lr 2.00e-04 | 20.6 img/s
2026-10-03 06:06:57,993 | ep   2 it  1600 step    3359 | G 6.027 advAB 0.455 advBA 0.439 cycA 0.174 cycB 0.178 idtA 0.165 idtB 0.157 | D_A 0.221 D_B 0.205 | gG 32.66 gD 15.76 | nonfinite 0 | lr 2.00e-04 | 20.6 img/s
2026-10-03 06:07:17,410 | ep   2 it  1700 step    3459 | G 5.847 advAB 0.459 advBA 0.418 cycA 0.166 cycB 0.172 idtA 0.161 idtB 0.156 | D_A 0.220 D_B 0.201 | gG 29.83 gD 15.42 | nonfinite 0 | lr 2.00e-04 | 20.6 img/s
2026-10-03 06:07:28,878 | ep   2 it  1759 step    3518 | G 5.399 advAB 0.444 advBA 0.374 cycA 0.152 cycB 0.159 idtA 0.147 idtB 0.147 | D_A 0.225 D_B 0.207 | gG 27.78 gD 16.09 | nonfinite 0 | lr 2.00e-04 | 20.6 img/s
2026-10-03 06:07:28,881 | == epoch 2/60 done in 5.7 min | last G 5.399 D_A 0.225 D_B 0.207 | ETA 5.51 h
2026-10-03 06:07:49,900 | ep   3 it   100 step    3618 | G 5.575 advAB 0.440 advBA 0.405 cycA 0.160 cycB 0.162 idtA 0.154 idtB 0.149 | D_A 0.234 D_B 0.206 | gG 30.62 gD 15.24 | nonfinite 0 | lr 2.00e-04 | 20.5 img/s
2026-10-03 06:08:09,430 | ep   3 it   200 step    3718 | G 5.740 advAB 0.449 advBA 0.419 cycA 0.167 cycB 0.165 idtA 0.164 idtB 0.148 | D_A 0.222 D_B 0.199 | gG 31.72 gD 14.48 | nonfinite 0 | lr 2.00e-04 | 20.5 img/s
2026-10-03 06:08:28,958 | ep   3 it   300 step    3818 | G 5.803 advAB 0.459 advBA 0.395 cycA 0.164 cycB 0.174 idtA 0.158 idtB 0.155 | D_A 0.214 D_B 0.207 | gG 30.34 gD 14.46 | nonfinite 0 | lr 2.00e-04 | 20.5 img/s
2026-10-03 06:08:48,395 | ep   3 it   400 step    3918 | G 5.636 advAB 0.456 advBA 0.398 cycA 0.159 cycB 0.168 idtA 0.152 idtB 0.152 | D_A 0.225 D_B 0.202 | gG 29.08 gD 15.37 | nonfinite 0 | lr 2.00e-04 | 20.6 img/s
2026-10-03 06:09:07,843 | ep   3 it   500 step    4018 | G 5.639 advAB 0.455 advBA 0.425 cycA 0.162 cycB 0.163 idtA 0.157 idtB 0.145 | D_A 0.229 D_B 0.195 | gG 30.17 gD 15.19 | nonfinite 0 | lr 2.00e-04 | 20.6 img/s
2026-10-03 06:09:27,303 | ep   3 it   600 step    4118 | G 5.543 advAB 0.452 advBA 0.419 cycA 0.156 cycB 0.161 idtA 0.154 idtB 0.146 | D_A 0.233 D_B 0.199 | gG 29.14 gD 13.61 | nonfinite 0 | lr 2.00e-04 | 20.6 img/s
2026-10-03 06:09:46,759 | ep   3 it   700 step    4218 | G 5.959 advAB 0.476 advBA 0.395 cycA 0.170 cycB 0.178 idtA 0.161 idtB 0.161 | D_A 0.210 D_B 0.204 | gG 30.59 gD 14.97 | nonfinite 0 | lr 2.00e-04 | 20.6 img/s
2026-10-03 06:10:06,236 | ep   3 it   800 step    4318 | G 5.687 advAB 0.462 advBA 0.426 cycA 0.158 cycB 0.169 idtA 0.154 idtB 0.153 | D_A 0.219 D_B 0.193 | gG 28.26 gD 14.24 | nonfinite 0 | lr 2.00e-04 | 20.5 img/s
2026-10-03 06:10:25,703 | ep   3 it   900 step    4418 | G 5.441 advAB 0.462 advBA 0.419 cycA 0.153 cycB 0.156 idtA 0.151 idtB 0.143 | D_A 0.218 D_B 0.208 | gG 28.29 gD 16.14 | nonfinite 0 | lr 2.00e-04 | 20.6 img/s
2026-10-03 06:10:45,165 | ep   3 it  1000 step    4518 | G 5.522 advAB 0.453 advBA 0.429 cycA 0.157 cycB 0.159 idtA 0.156 idtB 0.142 | D_A 0.207 D_B 0.195 | gG 28.73 gD 12.89 | nonfinite 0 | lr 2.00e-04 | 20.6 img/s
2026-10-03 06:11:04,630 | ep   3 it  1100 step    4618 | G 5.821 advAB 0.468 advBA 0.438 cycA 0.162 cycB 0.173 idtA 0.161 idtB 0.153 | D_A 0.211 D_B 0.195 | gG 30.09 gD 14.97 | nonfinite 0 | lr 2.00e-04 | 20.6 img/s
2026-10-03 06:11:24,084 | ep   3 it  1200 step    4718 | G 6.021 advAB 0.451 advBA 0.575 cycA 0.170 cycB 0.173 idtA 0.169 idtB 0.143 | D_A 0.183 D_B 0.202 | gG 33.82 gD 15.53 | nonfinite 0 | lr 2.00e-04 | 20.6 img/s
2026-10-03 06:11:43,563 | ep   3 it  1300 step    4818 | G 5.824 advAB 0.460 advBA 0.499 cycA 0.162 cycB 0.168 idtA 0.164 idtB 0.149 | D_A 0.182 D_B 0.203 | gG 27.86 gD 15.61 | nonfinite 0 | lr 2.00e-04 | 20.5 img/s
2026-10-03 06:12:03,013 | ep   3 it  1400 step    4918 | G 5.693 advAB 0.458 advBA 0.469 cycA 0.159 cycB 0.166 idtA 0.156 idtB 0.147 | D_A 0.213 D_B 0.194 | gG 28.03 gD 14.05 | nonfinite 0 | lr 2.00e-04 | 20.6 img/s
2026-10-03 06:12:22,522 | ep   3 it  1500 step    5018 | G 5.650 advAB 0.495 advBA 0.470 cycA 0.157 cycB 0.162 idtA 0.155 idtB 0.145 | D_A 0.196 D_B 0.188 | gG 28.34 gD 13.24 | nonfinite 0 | lr 2.00e-04 | 20.5 img/s
2026-10-03 06:12:41,987 | ep   3 it  1600 step    5118 | G 5.358 advAB 0.434 advBA 0.441 cycA 0.147 cycB 0.157 idtA 0.147 idtB 0.141 | D_A 0.224 D_B 0.210 | gG 24.94 gD 14.77 | nonfinite 0 | lr 2.00e-04 | 20.6 img/s
2026-10-03 06:13:01,500 | ep   3 it  1700 step    5218 | G 5.322 advAB 0.433 advBA 0.424 cycA 0.150 cycB 0.152 idtA 0.151 idtB 0.137 | D_A 0.210 D_B 0.210 | gG 25.51 gD 12.62 | nonfinite 0 | lr 2.00e-04 | 20.5 img/s
2026-10-03 06:13:12,946 | ep   3 it  1759 step    5277 | G 5.599 advAB 0.437 advBA 0.451 cycA 0.160 cycB 0.162 idtA 0.149 idtB 0.148 | D_A 0.204 D_B 0.184 | gG 29.44 gD 13.09 | nonfinite 0 | lr 2.00e-04 | 20.6 img/s
2026-10-03 06:13:12,949 | == epoch 3/60 done in 5.7 min | last G 5.599 D_A 0.204 D_B 0.184 | ETA 5.42 h
2026-10-03 06:13:33,972 | ep   4 it   100 step    5377 | G 5.573 advAB 0.456 advBA 0.485 cycA 0.155 cycB 0.160 idtA 0.152 idtB 0.145 | D_A 0.204 D_B 0.193 | gG 27.23 gD 13.93 | nonfinite 0 | lr 2.00e-04 | 20.5 img/s
2026-10-03 06:13:53,547 | ep   4 it   200 step    5477 | G 5.511 advAB 0.473 advBA 0.451 cycA 0.149 cycB 0.162 idtA 0.148 idtB 0.148 | D_A 0.207 D_B 0.192 | gG 26.57 gD 15.51 | nonfinite 0 | lr 2.00e-04 | 20.4 img/s
2026-10-03 06:14:13,043 | ep   4 it   300 step    5577 | G 5.245 advAB 0.439 advBA 0.433 cycA 0.147 cycB 0.151 idtA 0.143 idtB 0.137 | D_A 0.219 D_B 0.195 | gG 27.07 gD 14.10 | nonfinite 0 | lr 2.00e-04 | 20.5 img/s
2026-10-03 06:14:32,500 | ep   4 it   400 step    5677 | G 5.384 advAB 0.446 advBA 0.435 cycA 0.148 cycB 0.158 idtA 0.148 idtB 0.141 | D_A 0.201 D_B 0.200 | gG 26.85 gD 13.34 | nonfinite 0 | lr 2.00e-04 | 20.6 img/s
2026-10-03 06:14:51,938 | ep   4 it   500 step    5777 | G 5.559 advAB 0.475 advBA 0.454 cycA 0.151 cycB 0.162 idtA 0.151 idtB 0.148 | D_A 0.198 D_B 0.191 | gG 27.01 gD 13.71 | nonfinite 0 | lr 2.00e-04 | 20.6 img/s
2026-10-03 06:15:11,408 | ep   4 it   600 step    5877 | G 5.118 advAB 0.470 advBA 0.440 cycA 0.139 cycB 0.145 idtA 0.140 idtB 0.132 | D_A 0.207 D_B 0.198 | gG 25.16 gD 13.05 | nonfinite 0 | lr 2.00e-04 | 20.6 img/s
2026-10-03 06:15:30,874 | ep   4 it   700 step    5977 | G 5.368 advAB 0.472 advBA 0.438 cycA 0.144 cycB 0.158 idtA 0.142 idtB 0.146 | D_A 0.227 D_B 0.190 | gG 26.25 gD 14.80 | nonfinite 0 | lr 2.00e-04 | 20.6 img/s
2026-10-03 06:15:50,326 | ep   4 it   800 step    6077 | G 5.353 advAB 0.469 advBA 0.456 cycA 0.147 cycB 0.152 idtA 0.148 idtB 0.140 | D_A 0.197 D_B 0.198 | gG 26.44 gD 12.62 | nonfinite 0 | lr 2.00e-04 | 20.6 img/s
2026-10-03 06:16:09,771 | ep   4 it   900 step    6177 | G 5.416 advAB 0.468 advBA 0.478 cycA 0.147 cycB 0.158 idtA 0.148 idtB 0.136 | D_A 0.192 D_B 0.185 | gG 27.67 gD 13.23 | nonfinite 0 | lr 2.00e-04 | 20.6 img/s
2026-10-03 06:16:29,208 | ep   4 it  1000 step    6277 | G 5.271 advAB 0.455 advBA 0.441 cycA 0.146 cycB 0.149 idtA 0.148 idtB 0.137 | D_A 0.210 D_B 0.203 | gG 25.29 gD 14.13 | nonfinite 0 | lr 2.00e-04 | 20.6 img/s
2026-10-03 06:16:48,654 | ep   4 it  1100 step    6377 | G 5.568 advAB 0.470 advBA 0.460 cycA 0.153 cycB 0.164 idtA 0.151 idtB 0.142 | D_A 0.197 D_B 0.185 | gG 28.58 gD 13.01 | nonfinite 0 | lr 2.00e-04 | 20.6 img/s
2026-10-03 06:17:08,108 | ep   4 it  1200 step    6477 | G 5.420 advAB 0.467 advBA 0.480 cycA 0.147 cycB 0.157 idtA 0.149 idtB 0.139 | D_A 0.210 D_B 0.195 | gG 27.62 gD 13.25 | nonfinite 0 | lr 2.00e-04 | 20.6 img/s
2026-10-03 06:17:27,621 | ep   4 it  1300 step    6577 | G 5.358 advAB 0.499 advBA 0.456 cycA 0.145 cycB 0.153 idtA 0.145 idtB 0.139 | D_A 0.201 D_B 0.179 | gG 25.87 gD 12.63 | nonfinite 0 | lr 2.00e-04 | 20.5 img/s
2026-10-03 06:17:47,093 | ep   4 it  1400 step    6677 | G 5.266 advAB 0.488 advBA 0.486 cycA 0.143 cycB 0.147 idtA 0.142 idtB 0.135 | D_A 0.208 D_B 0.195 | gG 25.85 gD 14.88 | nonfinite 0 | lr 2.00e-04 | 20.6 img/s
2026-10-03 06:18:06,560 | ep   4 it  1500 step    6777 | G 5.273 advAB 0.488 advBA 0.465 cycA 0.144 cycB 0.147 idtA 0.146 idtB 0.136 | D_A 0.196 D_B 0.184 | gG 25.57 gD 12.76 | nonfinite 0 | lr 2.00e-04 | 20.6 img/s
2026-10-03 06:18:26,030 | ep   4 it  1600 step    6877 | G 5.420 advAB 0.516 advBA 0.447 cycA 0.143 cycB 0.159 idtA 0.142 idtB 0.146 | D_A 0.199 D_B 0.176 | gG 27.17 gD 13.48 | nonfinite 0 | lr 2.00e-04 | 20.6 img/s
2026-10-03 06:18:45,460 | ep   4 it  1700 step    6977 | G 5.247 advAB 0.487 advBA 0.444 cycA 0.143 cycB 0.149 idtA 0.142 idtB 0.137 | D_A 0.195 D_B 0.184 | gG 25.40 gD 14.13 | nonfinite 0 | lr 2.00e-04 | 20.6 img/s
2026-10-03 06:18:56,942 | ep   4 it  1759 step    7036 | G 5.396 advAB 0.438 advBA 0.487 cycA 0.147 cycB 0.155 idtA 0.148 idtB 0.141 | D_A 0.199 D_B 0.219 | gG 24.72 gD 13.00 | nonfinite 0 | lr 2.00e-04 | 20.6 img/s
2026-10-03 06:18:56,945 | == epoch 4/60 done in 5.7 min | last G 5.396 D_A 0.199 D_B 0.219 | ETA 5.33 h
2026-10-03 06:19:17,983 | ep   5 it   100 step    7136 | G 5.542 advAB 0.471 advBA 0.492 cycA 0.151 cycB 0.161 idtA 0.153 idtB 0.139 | D_A 0.195 D_B 0.182 | gG 28.02 gD 13.54 | nonfinite 0 | lr 2.00e-04 | 20.5 img/s
2026-10-03 06:19:37,496 | ep   5 it   200 step    7236 | G 5.321 advAB 0.495 advBA 0.447 cycA 0.144 cycB 0.151 idtA 0.146 idtB 0.139 | D_A 0.198 D_B 0.190 | gG 24.02 gD 12.71 | nonfinite 0 | lr 2.00e-04 | 20.5 img/s
2026-10-03 06:19:56,935 | ep   5 it   300 step    7336 | G 5.242 advAB 0.460 advBA 0.469 cycA 0.141 cycB 0.148 idtA 0.145 idtB 0.138 | D_A 0.213 D_B 0.187 | gG 23.95 gD 12.79 | nonfinite 0 | lr 2.00e-04 | 20.6 img/s
2026-10-03 06:20:16,395 | ep   5 it   400 step    7436 | G 5.260 advAB 0.484 advBA 0.443 cycA 0.140 cycB 0.152 idtA 0.143 idtB 0.139 | D_A 0.199 D_B 0.186 | gG 25.18 gD 12.73 | nonfinite 0 | lr 2.00e-04 | 20.6 img/s
2026-10-03 06:20:35,859 | ep   5 it   500 step    7536 | G 5.215 advAB 0.496 advBA 0.432 cycA 0.139 cycB 0.151 idtA 0.136 idtB 0.142 | D_A 0.205 D_B 0.180 | gG 24.96 gD 12.90 | nonfinite 0 | lr 2.00e-04 | 20.6 img/s
2026-10-03 06:20:55,310 | ep   5 it   600 step    7636 | G 5.040 advAB 0.488 advBA 0.452 cycA 0.135 cycB 0.142 idtA 0.135 idtB 0.131 | D_A 0.200 D_B 0.214 | gG 23.17 gD 15.29 | nonfinite 0 | lr 2.00e-04 | 20.6 img/s
2026-10-03 06:21:14,819 | ep   5 it   700 step    7736 | G 5.688 advAB 0.392 advBA 0.509 cycA 0.155 cycB 0.173 idtA 0.144 idtB 0.156 | D_A 0.197 D_B 0.204 | gG 28.17 gD 10.61 | nonfinite 0 | lr 2.00e-04 | 20.5 img/s
2026-10-03 06:21:34,288 | ep   5 it   800 step    7836 | G 5.218 advAB 0.414 advBA 0.449 cycA 0.143 cycB 0.152 idtA 0.142 idtB 0.139 | D_A 0.201 D_B 0.197 | gG 25.16 gD 10.28 | nonfinite 0 | lr 2.00e-04 | 20.6 img/s
2026-10-03 06:21:53,793 | ep   5 it   900 step    7936 | G 5.153 advAB 0.475 advBA 0.465 cycA 0.141 cycB 0.143 idtA 0.141 idtB 0.133 | D_A 0.194 D_B 0.193 | gG 24.26 gD 11.75 | nonfinite 0 | lr 2.00e-04 | 20.5 img/s
2026-10-03 06:22:13,254 | ep   5 it  1000 step    8036 | G 5.217 advAB 0.484 advBA 0.455 cycA 0.139 cycB 0.150 idtA 0.138 idtB 0.139 | D_A 0.202 D_B 0.184 | gG 24.62 gD 11.91 | nonfinite 0 | lr 2.00e-04 | 20.6 img/s
2026-10-03 06:22:32,757 | ep   5 it  1100 step    8136 | G 5.014 advAB 0.469 advBA 0.415 cycA 0.135 cycB 0.144 idtA 0.136 idtB 0.133 | D_A 0.213 D_B 0.185 | gG 23.07 gD 11.93 | nonfinite 0 | lr 2.00e-04 | 20.5 img/s
2026-10-03 06:22:52,249 | ep   5 it  1200 step    8236 | G 5.250 advAB 0.501 advBA 0.443 cycA 0.139 cycB 0.153 idtA 0.139 idtB 0.140 | D_A 0.208 D_B 0.184 | gG 24.42 gD 13.71 | nonfinite 0 | lr 2.00e-04 | 20.5 img/s
2026-10-03 06:23:11,748 | ep   5 it  1300 step    8336 | G 4.948 advAB 0.484 advBA 0.425 cycA 0.129 cycB 0.143 idtA 0.131 idtB 0.133 | D_A 0.210 D_B 0.192 | gG 22.78 gD 12.85 | nonfinite 0 | lr 2.00e-04 | 20.5 img/s
2026-10-03 06:23:31,211 | ep   5 it  1400 step    8436 | G 5.007 advAB 0.508 advBA 0.434 cycA 0.136 cycB 0.137 idtA 0.137 idtB 0.131 | D_A 0.213 D_B 0.173 | gG 23.46 gD 12.67 | nonfinite 0 | lr 2.00e-04 | 20.6 img/s
2026-10-03 06:23:50,723 | ep   5 it  1500 step    8536 | G 5.225 advAB 0.477 advBA 0.456 cycA 0.141 cycB 0.152 idtA 0.142 idtB 0.131 | D_A 0.200 D_B 0.190 | gG 27.04 gD 12.91 | nonfinite 0 | lr 2.00e-04 | 20.5 img/s
2026-10-03 06:24:10,179 | ep   5 it  1600 step    8636 | G 5.058 advAB 0.486 advBA 0.454 cycA 0.133 cycB 0.144 idtA 0.137 idtB 0.132 | D_A 0.194 D_B 0.190 | gG 24.05 gD 12.84 | nonfinite 0 | lr 2.00e-04 | 20.6 img/s
2026-10-03 06:24:29,634 | ep   5 it  1700 step    8736 | G 4.859 advAB 0.449 advBA 0.431 cycA 0.131 cycB 0.136 idtA 0.136 idtB 0.126 | D_A 0.203 D_B 0.190 | gG 22.85 gD 10.55 | nonfinite 0 | lr 2.00e-04 | 20.6 img/s
2026-10-03 06:24:41,141 | ep   5 it  1759 step    8795 | G 5.044 advAB 0.503 advBA 0.427 cycA 0.134 cycB 0.141 idtA 0.138 idtB 0.133 | D_A 0.214 D_B 0.192 | gG 22.81 gD 13.45 | nonfinite 0 | lr 2.00e-04 | 20.5 img/s
2026-10-03 06:24:41,143 | == epoch 5/60 done in 5.7 min | last G 5.044 D_A 0.214 D_B 0.192 | ETA 5.24 h
2026-10-03 06:24:53,695 |    FID (held-out) B2A 128.64 | A2B 124.79 | avg 126.71  <-- new best (11s)
2026-10-03 06:25:17,629 | ep   6 it   100 step    8895 | G 5.008 advAB 0.452 advBA 0.446 cycA 0.133 cycB 0.144 idtA 0.134 idtB 0.133 | D_A 0.194 D_B 0.179 | gG 22.81 gD 10.68 | nonfinite 0 | lr 2.00e-04 | 20.4 img/s
2026-10-03 06:25:37,239 | ep   6 it   200 step    8995 | G 5.035 advAB 0.471 advBA 0.479 cycA 0.133 cycB 0.142 idtA 0.137 idtB 0.129 | D_A 0.202 D_B 0.186 | gG 24.52 gD 11.14 | nonfinite 0 | lr 2.00e-04 | 20.4 img/s
2026-10-03 06:25:56,784 | ep   6 it   300 step    9095 | G 5.290 advAB 0.492 advBA 0.451 cycA 0.144 cycB 0.149 idtA 0.144 idtB 0.140 | D_A 0.194 D_B 0.181 | gG 26.77 gD 11.60 | nonfinite 0 | lr 2.00e-04 | 20.5 img/s
2026-10-03 06:26:16,293 | ep   6 it   400 step    9195 | G 4.949 advAB 0.480 advBA 0.440 cycA 0.130 cycB 0.140 idtA 0.134 idtB 0.132 | D_A 0.193 D_B 0.186 | gG 22.06 gD 11.37 | nonfinite 0 | lr 2.00e-04 | 20.5 img/s
2026-10-03 06:26:35,799 | ep   6 it   500 step    9295 | G 4.871 advAB 0.468 advBA 0.431 cycA 0.127 cycB 0.139 idtA 0.130 idtB 0.132 | D_A 0.203 D_B 0.187 | gG 23.39 gD 11.48 | nonfinite 0 | lr 2.00e-04 | 20.5 img/s
2026-10-03 06:26:55,346 | ep   6 it   600 step    9395 | G 4.967 advAB 0.476 advBA 0.450 cycA 0.131 cycB 0.141 idtA 0.133 idtB 0.131 | D_A 0.208 D_B 0.189 | gG 22.60 gD 12.15 | nonfinite 0 | lr 2.00e-04 | 20.5 img/s
2026-10-03 06:27:14,821 | ep   6 it   700 step    9495 | G 4.875 advAB 0.464 advBA 0.435 cycA 0.130 cycB 0.138 idtA 0.132 idtB 0.128 | D_A 0.210 D_B 0.184 | gG 22.47 gD 11.62 | nonfinite 0 | lr 2.00e-04 | 20.6 img/s
2026-10-03 06:27:34,337 | ep   6 it   800 step    9595 | G 4.953 advAB 0.499 advBA 0.424 cycA 0.128 cycB 0.142 idtA 0.132 idtB 0.134 | D_A 0.202 D_B 0.182 | gG 22.89 gD 12.19 | nonfinite 0 | lr 2.00e-04 | 20.5 img/s
2026-10-03 06:27:53,874 | ep   6 it   900 step    9695 | G 4.783 advAB 0.472 advBA 0.408 cycA 0.128 cycB 0.134 idtA 0.129 idtB 0.128 | D_A 0.210 D_B 0.177 | gG 21.23 gD 11.30 | nonfinite 0 | lr 2.00e-04 | 20.5 img/s
2026-10-03 06:28:13,353 | ep   6 it  1000 step    9795 | G 4.770 advAB 0.481 advBA 0.428 cycA 0.126 cycB 0.135 idtA 0.128 idtB 0.123 | D_A 0.200 D_B 0.189 | gG 22.30 gD 10.94 | nonfinite 0 | lr 2.00e-04 | 20.5 img/s
2026-10-03 06:28:32,845 | ep   6 it  1100 step    9895 | G 4.972 advAB 0.487 advBA 0.422 cycA 0.133 cycB 0.143 idtA 0.131 idtB 0.131 | D_A 0.209 D_B 0.184 | gG 25.04 gD 11.52 | nonfinite 0 | lr 2.00e-04 | 20.5 img/s
2026-10-03 06:28:52,320 | ep   6 it  1200 step    9995 | G 4.930 advAB 0.460 advBA 0.432 cycA 0.130 cycB 0.141 idtA 0.134 idtB 0.131 | D_A 0.207 D_B 0.194 | gG 22.00 gD 10.65 | nonfinite 0 | lr 2.00e-04 | 20.5 img/s
2026-10-03 06:29:11,790 | ep   6 it  1300 step   10095 | G 4.838 advAB 0.481 advBA 0.424 cycA 0.127 cycB 0.137 idtA 0.131 idtB 0.128 | D_A 0.202 D_B 0.185 | gG 21.25 gD 11.71 | nonfinite 0 | lr 2.00e-04 | 20.6 img/s
2026-10-03 06:29:31,284 | ep   6 it  1400 step   10195 | G 4.842 advAB 0.482 advBA 0.400 cycA 0.126 cycB 0.141 idtA 0.127 idtB 0.132 | D_A 0.218 D_B 0.186 | gG 21.77 gD 10.29 | nonfinite 0 | lr 2.00e-04 | 20.5 img/s
2026-10-03 06:29:50,766 | ep   6 it  1500 step   10295 | G 4.885 advAB 0.474 advBA 0.418 cycA 0.127 cycB 0.140 idtA 0.132 idtB 0.131 | D_A 0.212 D_B 0.187 | gG 22.32 gD 10.74 | nonfinite 0 | lr 2.00e-04 | 20.5 img/s
2026-10-03 06:30:10,219 | ep   6 it  1600 step   10395 | G 4.737 advAB 0.461 advBA 0.404 cycA 0.126 cycB 0.135 idtA 0.123 idtB 0.129 | D_A 0.216 D_B 0.182 | gG 20.95 gD 11.21 | nonfinite 0 | lr 2.00e-04 | 20.6 img/s
2026-10-03 06:30:29,723 | ep   6 it  1700 step   10495 | G 4.869 advAB 0.497 advBA 0.415 cycA 0.126 cycB 0.140 idtA 0.125 idtB 0.134 | D_A 0.203 D_B 0.182 | gG 22.09 gD 10.65 | nonfinite 0 | lr 2.00e-04 | 20.5 img/s
2026-10-03 06:30:41,214 | ep   6 it  1759 step   10554 | G 4.805 advAB 0.467 advBA 0.445 cycA 0.126 cycB 0.136 idtA 0.126 idtB 0.128 | D_A 0.194 D_B 0.184 | gG 22.05 gD 10.84 | nonfinite 0 | lr 2.00e-04 | 20.6 img/s
2026-10-03 06:30:41,216 | == epoch 6/60 done in 5.8 min | last G 4.805 D_A 0.194 D_B 0.184 | ETA 5.20 h
2026-10-03 06:31:05,054 | ep   7 it   100 step   10654 | G 4.703 advAB 0.469 advBA 0.411 cycA 0.123 cycB 0.135 idtA 0.124 idtB 0.126 | D_A 0.206 D_B 0.180 | gG 22.53 gD 10.15 | nonfinite 0 | lr 2.00e-04 | 20.5 img/s
2026-10-03 06:31:24,692 | ep   7 it   200 step   10754 | G 4.700 advAB 0.485 advBA 0.443 cycA 0.123 cycB 0.131 idtA 0.128 idtB 0.118 | D_A 0.201 D_B 0.426 | gG 20.58 gD 13.07 | nonfinite 0 | lr 2.00e-04 | 20.4 img/s
2026-10-03 06:31:44,208 | ep   7 it   300 step   10854 | G 4.635 advAB 0.323 advBA 0.434 cycA 0.124 cycB 0.138 idtA 0.128 idtB 0.124 | D_A 0.209 D_B 0.228 | gG 21.57 gD 7.19 | nonfinite 0 | lr 2.00e-04 | 20.5 img/s
2026-10-03 06:32:03,694 | ep   7 it   400 step   10954 | G 4.563 advAB 0.323 advBA 0.416 cycA 0.121 cycB 0.136 idtA 0.127 idtB 0.125 | D_A 0.212 D_B 0.223 | gG 20.89 gD 7.05 | nonfinite 0 | lr 2.00e-04 | 20.5 img/s
2026-10-03 06:32:23,155 | ep   7 it   500 step   11054 | G 4.537 advAB 0.334 advBA 0.426 cycA 0.120 cycB 0.133 idtA 0.127 idtB 0.121 | D_A 0.203 D_B 0.222 | gG 20.25 gD 7.12 | nonfinite 0 | lr 2.00e-04 | 20.6 img/s
2026-10-03 06:32:42,643 | ep   7 it   600 step   11154 | G 4.496 advAB 0.349 advBA 0.408 cycA 0.118 cycB 0.135 idtA 0.124 idtB 0.118 | D_A 0.210 D_B 0.214 | gG 21.05 gD 7.39 | nonfinite 0 | lr 2.00e-04 | 20.5 img/s
2026-10-03 06:33:02,179 | ep   7 it   700 step   11254 | G 4.562 advAB 0.351 advBA 0.423 cycA 0.120 cycB 0.135 idtA 0.126 idtB 0.122 | D_A 0.203 D_B 0.215 | gG 20.85 gD 7.28 | nonfinite 0 | lr 2.00e-04 | 20.5 img/s
2026-10-03 06:33:21,705 | ep   7 it   800 step   11354 | G 4.570 advAB 0.347 advBA 0.423 cycA 0.120 cycB 0.136 idtA 0.125 idtB 0.123 | D_A 0.204 D_B 0.219 | gG 20.94 gD 7.62 | nonfinite 0 | lr 2.00e-04 | 20.5 img/s
2026-10-03 06:33:41,160 | ep   7 it   900 step   11454 | G 4.381 advAB 0.362 advBA 0.409 cycA 0.116 cycB 0.125 idtA 0.124 idtB 0.116 | D_A 0.213 D_B 0.215 | gG 19.79 gD 7.53 | nonfinite 0 | lr 2.00e-04 | 20.6 img/s
2026-10-03 06:34:00,734 | ep   7 it  1000 step   11554 | G 4.480 advAB 0.360 advBA 0.419 cycA 0.114 cycB 0.134 idtA 0.120 idtB 0.123 | D_A 0.205 D_B 0.221 | gG 20.80 gD 7.18 | nonfinite 0 | lr 2.00e-04 | 20.4 img/s
2026-10-03 06:34:20,220 | ep   7 it  1100 step   11654 | G 4.504 advAB 0.367 advBA 0.441 cycA 0.114 cycB 0.135 idtA 0.119 idtB 0.122 | D_A 0.204 D_B 0.215 | gG 20.03 gD 8.27 | nonfinite 0 | lr 2.00e-04 | 20.5 img/s
2026-10-03 06:34:39,686 | ep   7 it  1200 step   11754 | G 4.453 advAB 0.378 advBA 0.428 cycA 0.114 cycB 0.131 idtA 0.120 idtB 0.121 | D_A 0.205 D_B 0.213 | gG 19.40 gD 8.48 | nonfinite 0 | lr 2.00e-04 | 20.6 img/s
2026-10-03 06:34:59,220 | ep   7 it  1300 step   11854 | G 4.437 advAB 0.387 advBA 0.427 cycA 0.114 cycB 0.128 idtA 0.120 idtB 0.120 | D_A 0.199 D_B 0.206 | gG 18.69 gD 7.94 | nonfinite 0 | lr 2.00e-04 | 20.5 img/s
2026-10-03 06:35:18,770 | ep   7 it  1400 step   11954 | G 4.455 advAB 0.396 advBA 0.447 cycA 0.112 cycB 0.131 idtA 0.118 idtB 0.119 | D_A 0.199 D_B 0.205 | gG 19.20 gD 8.41 | nonfinite 0 | lr 2.00e-04 | 20.5 img/s
2026-10-03 06:35:38,190 | ep   7 it  1500 step   12054 | G 4.367 advAB 0.387 advBA 0.409 cycA 0.115 cycB 0.126 idtA 0.118 idtB 0.114 | D_A 0.207 D_B 0.213 | gG 20.38 gD 8.62 | nonfinite 0 | lr 2.00e-04 | 20.6 img/s
2026-10-03 06:35:57,649 | ep   7 it  1600 step   12154 | G 4.434 advAB 0.405 advBA 0.411 cycA 0.115 cycB 0.128 idtA 0.120 idtB 0.118 | D_A 0.199 D_B 0.212 | gG 19.78 gD 7.95 | nonfinite 0 | lr 2.00e-04 | 20.6 img/s
2026-10-03 06:36:17,121 | ep   7 it  1700 step   12254 | G 4.527 advAB 0.428 advBA 0.454 cycA 0.115 cycB 0.128 idtA 0.120 idtB 0.123 | D_A 0.198 D_B 0.200 | gG 19.04 gD 8.93 | nonfinite 0 | lr 2.00e-04 | 20.5 img/s
2026-10-03 06:36:28,638 | ep   7 it  1759 step   12313 | G 4.538 advAB 0.429 advBA 0.476 cycA 0.112 cycB 0.133 idtA 0.112 idtB 0.124 | D_A 0.205 D_B 0.196 | gG 19.95 gD 9.29 | nonfinite 0 | lr 2.00e-04 | 20.5 img/s
2026-10-03 06:36:28,640 | == epoch 7/60 done in 5.8 min | last G 4.538 D_A 0.205 D_B 0.196 | ETA 5.09 h
2026-10-03 06:36:49,747 | ep   8 it   100 step   12413 | G 4.515 advAB 0.402 advBA 0.420 cycA 0.117 cycB 0.132 idtA 0.118 idtB 0.123 | D_A 0.201 D_B 0.204 | gG 20.97 gD 8.42 | nonfinite 0 | lr 2.00e-04 | 20.5 img/s
2026-10-03 06:37:09,382 | ep   8 it   200 step   12513 | G 4.454 advAB 0.408 advBA 0.435 cycA 0.114 cycB 0.129 idtA 0.118 idtB 0.119 | D_A 0.189 D_B 0.200 | gG 19.44 gD 8.45 | nonfinite 0 | lr 2.00e-04 | 20.4 img/s
2026-10-03 06:37:28,900 | ep   8 it   300 step   12613 | G 4.500 advAB 0.412 advBA 0.422 cycA 0.116 cycB 0.131 idtA 0.119 idtB 0.121 | D_A 0.208 D_B 0.208 | gG 20.53 gD 9.02 | nonfinite 0 | lr 2.00e-04 | 20.5 img/s
2026-10-03 06:37:48,406 | ep   8 it   400 step   12713 | G 4.551 advAB 0.442 advBA 0.442 cycA 0.112 cycB 0.134 idtA 0.117 idtB 0.124 | D_A 0.193 D_B 0.199 | gG 20.01 gD 9.01 | nonfinite 0 | lr 2.00e-04 | 20.5 img/s
2026-10-03 06:38:07,906 | ep   8 it   500 step   12813 | G 4.421 advAB 0.434 advBA 0.449 cycA 0.108 cycB 0.128 idtA 0.113 idtB 0.122 | D_A 0.204 D_B 0.190 | gG 19.93 gD 9.11 | nonfinite 0 | lr 2.00e-04 | 20.5 img/s
2026-10-03 06:38:27,327 | ep   8 it   600 step   12913 | G 4.605 advAB 0.420 advBA 0.428 cycA 0.122 cycB 0.133 idtA 0.120 idtB 0.120 | D_A 0.191 D_B 0.209 | gG 21.29 gD 9.47 | nonfinite 0 | lr 2.00e-04 | 20.6 img/s
2026-10-03 06:38:46,803 | ep   8 it   700 step   13013 | G 4.601 advAB 0.451 advBA 0.419 cycA 0.118 cycB 0.134 idtA 0.117 idtB 0.125 | D_A 0.199 D_B 0.184 | gG 21.19 gD 8.77 | nonfinite 0 | lr 2.00e-04 | 20.5 img/s
2026-10-03 06:39:06,265 | ep   8 it   800 step   13113 | G 4.483 advAB 0.460 advBA 0.427 cycA 0.115 cycB 0.128 idtA 0.114 idtB 0.119 | D_A 0.199 D_B 0.179 | gG 20.76 gD 8.96 | nonfinite 0 | lr 2.00e-04 | 20.6 img/s
2026-10-03 06:39:25,742 | ep   8 it   900 step   13213 | G 4.541 advAB 0.440 advBA 0.419 cycA 0.115 cycB 0.133 idtA 0.116 idtB 0.125 | D_A 0.196 D_B 0.189 | gG 20.47 gD 9.21 | nonfinite 0 | lr 2.00e-04 | 20.5 img/s
2026-10-03 06:39:45,196 | ep   8 it  1000 step   13313 | G 4.462 advAB 0.447 advBA 0.443 cycA 0.111 cycB 0.128 idtA 0.114 idtB 0.121 | D_A 0.191 D_B 0.190 | gG 19.10 gD 9.24 | nonfinite 0 | lr 2.00e-04 | 20.6 img/s
2026-10-03 06:40:04,670 | ep   8 it  1100 step   13413 | G 4.441 advAB 0.436 advBA 0.452 cycA 0.113 cycB 0.126 idtA 0.115 idtB 0.118 | D_A 0.200 D_B 0.196 | gG 19.74 gD 9.03 | nonfinite 0 | lr 2.00e-04 | 20.5 img/s
2026-10-03 06:40:24,101 | ep   8 it  1200 step   13513 | G 4.507 advAB 0.442 advBA 0.449 cycA 0.113 cycB 0.131 idtA 0.113 idtB 0.122 | D_A 0.199 D_B 0.193 | gG 19.96 gD 9.25 | nonfinite 0 | lr 2.00e-04 | 20.6 img/s
2026-10-03 06:40:43,595 | ep   8 it  1300 step   13613 | G 4.332 advAB 0.444 advBA 0.429 cycA 0.111 cycB 0.121 idtA 0.116 idtB 0.112 | D_A 0.190 D_B 0.186 | gG 19.26 gD 8.74 | nonfinite 0 | lr 2.00e-04 | 20.5 img/s
2026-10-03 06:41:03,029 | ep   8 it  1400 step   13713 | G 4.341 advAB 0.462 advBA 0.427 cycA 0.108 cycB 0.124 idtA 0.109 idtB 0.117 | D_A 0.206 D_B 0.186 | gG 18.93 gD 9.16 | nonfinite 0 | lr 2.00e-04 | 20.6 img/s
2026-10-03 06:41:22,479 | ep   8 it  1500 step   13813 | G 4.496 advAB 0.478 advBA 0.445 cycA 0.113 cycB 0.127 idtA 0.113 idtB 0.122 | D_A 0.206 D_B 0.182 | gG 20.39 gD 9.72 | nonfinite 0 | lr 2.00e-04 | 20.6 img/s
2026-10-03 06:41:41,926 | ep   8 it  1600 step   13913 | G 4.319 advAB 0.456 advBA 0.426 cycA 0.108 cycB 0.124 idtA 0.108 idtB 0.117 | D_A 0.195 D_B 0.185 | gG 18.72 gD 8.96 | nonfinite 0 | lr 2.00e-04 | 20.6 img/s
2026-10-03 06:42:01,593 | ep   8 it  1700 step   14013 | G 4.425 advAB 0.457 advBA 0.450 cycA 0.106 cycB 0.132 idtA 0.107 idtB 0.121 | D_A 0.189 D_B 0.170 | gG 18.92 gD 9.00 | nonfinite 0 | lr 2.00e-04 | 20.3 img/s
2026-10-03 06:42:13,165 | ep   8 it  1759 step   14072 | G 4.476 advAB 0.500 advBA 0.446 cycA 0.110 cycB 0.127 idtA 0.113 idtB 0.119 | D_A 0.218 D_B 0.186 | gG 20.01 gD 10.19 | nonfinite 0 | lr 2.00e-04 | 20.4 img/s
2026-10-03 06:42:13,168 | == epoch 8/60 done in 5.7 min | last G 4.476 D_A 0.218 D_B 0.186 | ETA 4.95 h
2026-10-03 06:42:34,463 | ep   9 it   100 step   14172 | G 4.484 advAB 0.474 advBA 0.435 cycA 0.110 cycB 0.131 idtA 0.112 idtB 0.122 | D_A 0.197 D_B 0.194 | gG 20.39 gD 9.50 | nonfinite 0 | lr 2.00e-04 | 20.3 img/s
2026-10-03 06:42:54,197 | ep   9 it   200 step   14272 | G 4.500 advAB 0.460 advBA 0.414 cycA 0.112 cycB 0.132 idtA 0.113 idtB 0.123 | D_A 0.198 D_B 0.181 | gG 20.42 gD 8.55 | nonfinite 0 | lr 2.00e-04 | 20.3 img/s
2026-10-03 06:43:13,785 | ep   9 it   300 step   14372 | G 4.577 advAB 0.493 advBA 0.421 cycA 0.117 cycB 0.130 idtA 0.118 idtB 0.119 | D_A 0.193 D_B 0.182 | gG 21.29 gD 9.25 | nonfinite 0 | lr 2.00e-04 | 20.4 img/s
2026-10-03 06:43:33,326 | ep   9 it   400 step   14472 | G 4.340 advAB 0.451 advBA 0.416 cycA 0.110 cycB 0.123 idtA 0.110 idtB 0.119 | D_A 0.189 D_B 0.189 | gG 18.89 gD 8.62 | nonfinite 0 | lr 2.00e-04 | 20.5 img/s
2026-10-03 06:43:52,871 | ep   9 it   500 step   14572 | G 4.331 advAB 0.431 advBA 0.436 cycA 0.107 cycB 0.126 idtA 0.108 idtB 0.118 | D_A 0.206 D_B 0.186 | gG 19.18 gD 8.34 | nonfinite 0 | lr 2.00e-04 | 20.5 img/s
2026-10-03 06:44:12,423 | ep   9 it   600 step   14672 | G 4.345 advAB 0.457 advBA 0.434 cycA 0.107 cycB 0.126 idtA 0.110 idtB 0.115 | D_A 0.191 D_B 0.188 | gG 20.38 gD 9.12 | nonfinite 0 | lr 2.00e-04 | 20.5 img/s
2026-10-03 06:44:32,021 | ep   9 it   700 step   14772 | G 4.371 advAB 0.459 advBA 0.436 cycA 0.109 cycB 0.124 idtA 0.114 idtB 0.115 | D_A 0.189 D_B 0.179 | gG 19.24 gD 8.60 | nonfinite 0 | lr 2.00e-04 | 20.4 img/s
2026-10-03 06:44:51,554 | ep   9 it   800 step   14872 | G 4.403 advAB 0.447 advBA 0.446 cycA 0.107 cycB 0.129 idtA 0.109 idtB 0.122 | D_A 0.201 D_B 0.189 | gG 19.27 gD 9.24 | nonfinite 0 | lr 2.00e-04 | 20.5 img/s
2026-10-03 06:45:11,084 | ep   9 it   900 step   14972 | G 4.363 advAB 0.463 advBA 0.441 cycA 0.108 cycB 0.124 idtA 0.114 idtB 0.113 | D_A 0.187 D_B 0.177 | gG 19.24 gD 8.07 | nonfinite 0 | lr 2.00e-04 | 20.5 img/s
2026-10-03 06:45:30,663 | ep   9 it  1000 step   15072 | G 4.404 advAB 0.466 advBA 0.439 cycA 0.111 cycB 0.125 idtA 0.112 idtB 0.117 | D_A 0.199 D_B 0.180 | gG 19.11 gD 8.72 | nonfinite 0 | lr 2.00e-04 | 20.4 img/s
2026-10-03 06:45:50,253 | ep   9 it  1100 step   15172 | G 4.512 advAB 0.463 advBA 0.448 cycA 0.113 cycB 0.131 idtA 0.113 idtB 0.119 | D_A 0.186 D_B 0.188 | gG 21.03 gD 8.42 | nonfinite 0 | lr 2.00e-04 | 20.4 img/s
2026-10-03 06:46:09,835 | ep   9 it  1200 step   15272 | G 4.364 advAB 0.460 advBA 0.432 cycA 0.108 cycB 0.126 idtA 0.110 idtB 0.117 | D_A 0.181 D_B 0.188 | gG 19.38 gD 8.83 | nonfinite 0 | lr 2.00e-04 | 20.4 img/s
2026-10-03 06:46:29,336 | ep   9 it  1300 step   15372 | G 4.318 advAB 0.432 advBA 0.435 cycA 0.105 cycB 0.126 idtA 0.108 idtB 0.119 | D_A 0.198 D_B 0.192 | gG 19.20 gD 8.03 | nonfinite 0 | lr 2.00e-04 | 20.5 img/s
2026-10-03 06:46:48,920 | ep   9 it  1400 step   15472 | G 4.391 advAB 0.489 advBA 0.410 cycA 0.104 cycB 0.130 idtA 0.108 idtB 0.123 | D_A 0.200 D_B 0.182 | gG 18.77 gD 9.15 | nonfinite 0 | lr 2.00e-04 | 20.4 img/s
2026-10-03 06:47:08,500 | ep   9 it  1500 step   15572 | G 4.339 advAB 0.483 advBA 0.438 cycA 0.108 cycB 0.123 idtA 0.108 idtB 0.116 | D_A 0.194 D_B 0.182 | gG 20.28 gD 8.96 | nonfinite 0 | lr 2.00e-04 | 20.4 img/s
2026-10-03 06:47:28,064 | ep   9 it  1600 step   15672 | G 4.329 advAB 0.472 advBA 0.423 cycA 0.108 cycB 0.123 idtA 0.109 idtB 0.117 | D_A 0.204 D_B 0.184 | gG 20.88 gD 8.96 | nonfinite 0 | lr 2.00e-04 | 20.5 img/s
2026-10-03 06:47:47,617 | ep   9 it  1700 step   15772 | G 4.362 advAB 0.474 advBA 0.424 cycA 0.106 cycB 0.128 idtA 0.105 idtB 0.121 | D_A 0.192 D_B 0.182 | gG 19.28 gD 7.64 | nonfinite 0 | lr 2.00e-04 | 20.5 img/s
2026-10-03 06:47:59,113 | ep   9 it  1759 step   15831 | G 4.327 advAB 0.512 advBA 0.443 cycA 0.107 cycB 0.121 idtA 0.108 idtB 0.111 | D_A 0.189 D_B 0.163 | gG 20.09 gD 7.45 | nonfinite 0 | lr 2.00e-04 | 20.5 img/s
2026-10-03 06:47:59,116 | == epoch 9/60 done in 5.7 min | last G 4.327 D_A 0.189 D_B 0.163 | ETA 4.88 h
2026-10-03 06:48:21,424 | ep  10 it   100 step   15931 | G 4.312 advAB 0.458 advBA 0.421 cycA 0.107 cycB 0.125 idtA 0.105 idtB 0.117 | D_A 0.211 D_B 0.181 | gG 19.73 gD 8.96 | nonfinite 0 | lr 2.00e-04 | 20.4 img/s
2026-10-03 06:48:41,047 | ep  10 it   200 step   16031 | G 4.212 advAB 0.476 advBA 0.426 cycA 0.103 cycB 0.119 idtA 0.106 idtB 0.110 | D_A 0.186 D_B 0.181 | gG 19.02 gD 8.04 | nonfinite 0 | lr 2.00e-04 | 20.4 img/s
2026-10-03 06:49:00,617 | ep  10 it   300 step   16131 | G 4.262 advAB 0.449 advBA 0.437 cycA 0.104 cycB 0.123 idtA 0.104 idtB 0.116 | D_A 0.187 D_B 0.182 | gG 18.95 gD 8.28 | nonfinite 0 | lr 2.00e-04 | 20.4 img/s
2026-10-03 06:49:20,194 | ep  10 it   400 step   16231 | G 4.408 advAB 0.471 advBA 0.448 cycA 0.107 cycB 0.129 idtA 0.107 idtB 0.119 | D_A 0.195 D_B 0.179 | gG 20.47 gD 8.18 | nonfinite 0 | lr 2.00e-04 | 20.4 img/s
2026-10-03 06:49:39,684 | ep  10 it   500 step   16331 | G 4.555 advAB 0.442 advBA 0.435 cycA 0.112 cycB 0.136 idtA 0.117 idtB 0.123 | D_A 0.186 D_B 0.190 | gG 22.62 gD 8.26 | nonfinite 0 | lr 2.00e-04 | 20.5 img/s
2026-10-03 06:49:59,221 | ep  10 it   600 step   16431 | G 4.494 advAB 0.475 advBA 0.468 cycA 0.114 cycB 0.125 idtA 0.120 idtB 0.113 | D_A 0.180 D_B 0.174 | gG 19.78 gD 8.02 | nonfinite 0 | lr 2.00e-04 | 20.5 img/s
2026-10-03 06:50:18,798 | ep  10 it   700 step   16531 | G 4.464 advAB 0.452 advBA 0.461 cycA 0.109 cycB 0.130 idtA 0.113 idtB 0.121 | D_A 0.184 D_B 0.183 | gG 19.79 gD 8.66 | nonfinite 0 | lr 2.00e-04 | 20.4 img/s
2026-10-03 06:50:38,278 | ep  10 it   800 step   16631 | G 4.457 advAB 0.469 advBA 0.482 cycA 0.108 cycB 0.128 idtA 0.114 idtB 0.115 | D_A 0.186 D_B 0.184 | gG 20.84 gD 8.98 | nonfinite 0 | lr 2.00e-04 | 20.5 img/s
2026-10-03 06:50:57,797 | ep  10 it   900 step   16731 | G 4.462 advAB 0.460 advBA 0.469 cycA 0.111 cycB 0.127 idtA 0.115 idtB 0.116 | D_A 0.182 D_B 0.191 | gG 19.86 gD 8.99 | nonfinite 0 | lr 2.00e-04 | 20.5 img/s
2026-10-03 06:51:17,351 | ep  10 it  1000 step   16831 | G 4.320 advAB 0.454 advBA 0.445 cycA 0.105 cycB 0.123 idtA 0.110 idtB 0.117 | D_A 0.188 D_B 0.186 | gG 19.55 gD 8.43 | nonfinite 0 | lr 2.00e-04 | 20.5 img/s
2026-10-03 06:51:36,891 | ep  10 it  1100 step   16931 | G 4.373 advAB 0.457 advBA 0.477 cycA 0.104 cycB 0.129 idtA 0.107 idtB 0.115 | D_A 0.183 D_B 0.180 | gG 20.25 gD 7.65 | nonfinite 0 | lr 2.00e-04 | 20.5 img/s
2026-10-03 06:51:56,407 | ep  10 it  1200 step   17031 | G 4.403 advAB 0.486 advBA 0.452 cycA 0.107 cycB 0.126 idtA 0.111 idtB 0.117 | D_A 0.192 D_B 0.177 | gG 20.30 gD 8.06 | nonfinite 0 | lr 2.00e-04 | 20.5 img/s
2026-10-03 06:52:15,906 | ep  10 it  1300 step   17131 | G 4.219 advAB 0.460 advBA 0.448 cycA 0.102 cycB 0.119 idtA 0.106 idtB 0.113 | D_A 0.192 D_B 0.169 | gG 19.28 gD 8.40 | nonfinite 0 | lr 2.00e-04 | 20.5 img/s
2026-10-03 06:52:35,429 | ep  10 it  1400 step   17231 | G 4.366 advAB 0.480 advBA 0.472 cycA 0.107 cycB 0.123 idtA 0.108 idtB 0.115 | D_A 0.188 D_B 0.190 | gG 20.58 gD 8.48 | nonfinite 0 | lr 2.00e-04 | 20.5 img/s
2026-10-03 06:52:54,957 | ep  10 it  1500 step   17331 | G 4.189 advAB 0.463 advBA 0.452 cycA 0.100 cycB 0.119 idtA 0.105 idtB 0.112 | D_A 0.183 D_B 0.175 | gG 18.00 gD 8.16 | nonfinite 0 | lr 2.00e-04 | 20.5 img/s
2026-10-03 06:53:14,438 | ep  10 it  1600 step   17431 | G 4.257 advAB 0.467 advBA 0.438 cycA 0.102 cycB 0.123 idtA 0.107 idtB 0.114 | D_A 0.186 D_B 0.189 | gG 19.11 gD 8.52 | nonfinite 0 | lr 2.00e-04 | 20.5 img/s
2026-10-03 06:53:33,935 | ep  10 it  1700 step   17531 | G 4.264 advAB 0.452 advBA 0.466 cycA 0.102 cycB 0.123 idtA 0.105 idtB 0.113 | D_A 0.184 D_B 0.182 | gG 19.22 gD 8.42 | nonfinite 0 | lr 2.00e-04 | 20.5 img/s
2026-10-03 06:53:45,450 | ep  10 it  1759 step   17590 | G 4.194 advAB 0.437 advBA 0.433 cycA 0.098 cycB 0.126 idtA 0.101 idtB 0.116 | D_A 0.189 D_B 0.185 | gG 18.33 gD 8.48 | nonfinite 0 | lr 2.00e-04 | 20.5 img/s
2026-10-03 06:53:45,453 | == epoch 10/60 done in 5.7 min | last G 4.194 D_A 0.189 D_B 0.185 | ETA 4.79 h
2026-10-03 06:53:54,222 |    FID (held-out) B2A 109.78 | A2B 110.62 | avg 110.20  <-- new best (7s)
2026-10-03 06:54:15,489 | ep  11 it   100 step   17690 | G 4.144 advAB 0.471 advBA 0.444 cycA 0.100 cycB 0.119 idtA 0.101 idtB 0.108 | D_A 0.187 D_B 0.179 | gG 19.21 gD 8.07 | nonfinite 0 | lr 2.00e-04 | 20.3 img/s
2026-10-03 06:54:35,574 | ep  11 it   200 step   17790 | G 4.167 advAB 0.469 advBA 0.441 cycA 0.102 cycB 0.118 idtA 0.103 idtB 0.109 | D_A 0.191 D_B 0.184 | gG 19.13 gD 8.06 | nonfinite 0 | lr 2.00e-04 | 20.3 img/s
2026-10-03 06:54:55,207 | ep  11 it   300 step   17890 | G 4.201 advAB 0.461 advBA 0.452 cycA 0.102 cycB 0.119 idtA 0.104 idtB 0.111 | D_A 0.190 D_B 0.180 | gG 19.47 gD 7.81 | nonfinite 0 | lr 2.00e-04 | 20.4 img/s
2026-10-03 06:55:14,802 | ep  11 it   400 step   17990 | G 4.359 advAB 0.447 advBA 0.472 cycA 0.104 cycB 0.130 idtA 0.103 idtB 0.118 | D_A 0.177 D_B 0.179 | gG 20.71 gD 8.09 | nonfinite 0 | lr 2.00e-04 | 20.4 img/s
2026-10-03 06:55:34,405 | ep  11 it   500 step   18090 | G 4.215 advAB 0.456 advBA 0.465 cycA 0.099 cycB 0.122 idtA 0.102 idtB 0.115 | D_A 0.184 D_B 0.181 | gG 19.42 gD 8.08 | nonfinite 0 | lr 2.00e-04 | 20.4 img/s
2026-10-03 06:55:54,255 | ep  11 it   600 step   18190 | G 4.283 advAB 0.480 advBA 0.459 cycA 0.101 cycB 0.124 idtA 0.100 idtB 0.118 | D_A 0.178 D_B 0.170 | gG 18.99 gD 7.78 | nonfinite 0 | lr 2.00e-04 | 20.2 img/s
2026-10-03 06:56:13,867 | ep  11 it   700 step   18290 | G 4.327 advAB 0.477 advBA 0.474 cycA 0.104 cycB 0.123 idtA 0.105 idtB 0.115 | D_A 0.192 D_B 0.170 | gG 19.42 gD 9.06 | nonfinite 0 | lr 2.00e-04 | 20.4 img/s
2026-10-03 06:56:33,478 | ep  11 it   800 step   18390 | G 4.172 advAB 0.482 advBA 0.438 cycA 0.100 cycB 0.119 idtA 0.099 idtB 0.112 | D_A 0.183 D_B 0.180 | gG 19.57 gD 8.80 | nonfinite 0 | lr 2.00e-04 | 20.4 img/s
2026-10-03 06:56:53,108 | ep  11 it   900 step   18490 | G 4.316 advAB 0.478 advBA 0.463 cycA 0.105 cycB 0.124 idtA 0.105 idtB 0.113 | D_A 0.182 D_B 0.193 | gG 20.01 gD 8.84 | nonfinite 0 | lr 2.00e-04 | 20.4 img/s
2026-10-03 06:57:12,635 | ep  11 it  1000 step   18590 | G 4.252 advAB 0.445 advBA 0.475 cycA 0.100 cycB 0.124 idtA 0.105 idtB 0.114 | D_A 0.184 D_B 0.179 | gG 19.50 gD 8.24 | nonfinite 0 | lr 2.00e-04 | 20.5 img/s
2026-10-03 06:57:32,217 | ep  11 it  1100 step   18690 | G 4.237 advAB 0.468 advBA 0.473 cycA 0.100 cycB 0.121 idtA 0.104 idtB 0.113 | D_A 0.184 D_B 0.179 | gG 18.88 gD 7.73 | nonfinite 0 | lr 2.00e-04 | 20.4 img/s
2026-10-03 06:57:51,814 | ep  11 it  1200 step   18790 | G 4.140 advAB 0.462 advBA 0.463 cycA 0.100 cycB 0.118 idtA 0.102 idtB 0.107 | D_A 0.176 D_B 0.175 | gG 19.62 gD 7.53 | nonfinite 0 | lr 2.00e-04 | 20.4 img/s
2026-10-03 06:58:11,374 | ep  11 it  1300 step   18890 | G 4.243 advAB 0.473 advBA 0.465 cycA 0.100 cycB 0.122 idtA 0.103 idtB 0.113 | D_A 0.181 D_B 0.177 | gG 19.33 gD 7.83 | nonfinite 0 | lr 2.00e-04 | 20.5 img/s
2026-10-03 06:58:30,956 | ep  11 it  1400 step   18990 | G 4.198 advAB 0.454 advBA 0.464 cycA 0.100 cycB 0.122 idtA 0.100 idtB 0.111 | D_A 0.182 D_B 0.185 | gG 20.24 gD 7.89 | nonfinite 0 | lr 2.00e-04 | 20.4 img/s
2026-10-03 06:58:50,584 | ep  11 it  1500 step   19090 | G 4.166 advAB 0.459 advBA 0.455 cycA 0.101 cycB 0.119 idtA 0.101 idtB 0.110 | D_A 0.180 D_B 0.185 | gG 20.15 gD 7.93 | nonfinite 0 | lr 2.00e-04 | 20.4 img/s
2026-10-03 06:59:10,174 | ep  11 it  1600 step   19190 | G 4.163 advAB 0.482 advBA 0.462 cycA 0.098 cycB 0.118 idtA 0.100 idtB 0.112 | D_A 0.184 D_B 0.178 | gG 19.05 gD 7.53 | nonfinite 0 | lr 2.00e-04 | 20.4 img/s
2026-10-03 06:59:29,757 | ep  11 it  1700 step   19290 | G 4.219 advAB 0.455 advBA 0.439 cycA 0.101 cycB 0.124 idtA 0.099 idtB 0.116 | D_A 0.199 D_B 0.177 | gG 20.40 gD 7.73 | nonfinite 0 | lr 2.00e-04 | 20.4 img/s
2026-10-03 06:59:41,296 | ep  11 it  1759 step   19349 | G 4.234 advAB 0.497 advBA 0.448 cycA 0.102 cycB 0.119 idtA 0.103 idtB 0.113 | D_A 0.181 D_B 0.179 | gG 20.21 gD 7.59 | nonfinite 0 | lr 2.00e-04 | 20.5 img/s
2026-10-03 06:59:41,299 | == epoch 11/60 done in 5.8 min | last G 4.234 D_A 0.181 D_B 0.179 | ETA 4.71 h
2026-10-03 07:00:05,214 | ep  12 it   100 step   19449 | G 4.117 advAB 0.484 advBA 0.432 cycA 0.096 cycB 0.120 idtA 0.098 idtB 0.110 | D_A 0.194 D_B 0.180 | gG 18.80 gD 7.55 | nonfinite 0 | lr 2.00e-04 | 20.4 img/s
2026-10-03 07:00:25,022 | ep  12 it   200 step   19549 | G 4.274 advAB 0.465 advBA 0.425 cycA 0.105 cycB 0.123 idtA 0.105 idtB 0.115 | D_A 0.188 D_B 0.183 | gG 20.37 gD 7.91 | nonfinite 0 | lr 2.00e-04 | 20.2 img/s
2026-10-03 07:00:44,583 | ep  12 it   300 step   19649 | G 4.334 advAB 0.487 advBA 0.472 cycA 0.101 cycB 0.127 idtA 0.103 idtB 0.115 | D_A 0.190 D_B 0.171 | gG 21.12 gD 8.12 | nonfinite 0 | lr 2.00e-04 | 20.5 img/s
2026-10-03 07:01:04,184 | ep  12 it   400 step   19749 | G 4.118 advAB 0.454 advBA 0.444 cycA 0.099 cycB 0.118 idtA 0.104 idtB 0.106 | D_A 0.180 D_B 0.172 | gG 18.78 gD 7.72 | nonfinite 0 | lr 2.00e-04 | 20.4 img/s
2026-10-03 07:01:23,749 | ep  12 it   500 step   19849 | G 4.068 advAB 0.466 advBA 0.454 cycA 0.098 cycB 0.114 idtA 0.098 idtB 0.107 | D_A 0.190 D_B 0.174 | gG 18.49 gD 7.69 | nonfinite 0 | lr 2.00e-04 | 20.5 img/s
2026-10-03 07:01:43,323 | ep  12 it   600 step   19949 | G 3.965 advAB 0.399 advBA 0.450 cycA 0.096 cycB 0.114 idtA 0.097 idtB 0.107 | D_A 0.189 D_B 0.224 | gG 17.95 gD 7.71 | nonfinite 0 | lr 2.00e-04 | 20.4 img/s
2026-10-03 07:02:02,827 | ep  12 it   700 step   20049 | G 4.153 advAB 0.454 advBA 0.450 cycA 0.099 cycB 0.120 idtA 0.101 idtB 0.112 | D_A 0.193 D_B 0.178 | gG 19.47 gD 6.85 | nonfinite 0 | lr 2.00e-04 | 20.5 img/s
2026-10-03 07:02:22,457 | ep  12 it   800 step   20149 | G 4.031 advAB 0.449 advBA 0.437 cycA 0.096 cycB 0.117 idtA 0.096 idtB 0.108 | D_A 0.195 D_B 0.177 | gG 18.44 gD 7.88 | nonfinite 0 | lr 2.00e-04 | 20.4 img/s
2026-10-03 07:02:42,232 | ep  12 it   900 step   20249 | G 4.082 advAB 0.470 advBA 0.455 cycA 0.098 cycB 0.116 idtA 0.097 idtB 0.106 | D_A 0.185 D_B 0.166 | gG 18.89 gD 7.52 | nonfinite 0 | lr 2.00e-04 | 20.2 img/s
2026-10-03 07:03:02,101 | ep  12 it  1000 step   20349 | G 4.540 advAB 0.483 advBA 0.485 cycA 0.111 cycB 0.132 idtA 0.112 idtB 0.118 | D_A 0.179 D_B 0.170 | gG 22.65 gD 7.85 | nonfinite 0 | lr 2.00e-04 | 20.1 img/s
2026-10-03 07:03:22,035 | ep  12 it  1100 step   20449 | G 4.296 advAB 0.476 advBA 0.486 cycA 0.101 cycB 0.124 idtA 0.103 idtB 0.114 | D_A 0.177 D_B 0.175 | gG 17.99 gD 7.78 | nonfinite 0 | lr 2.00e-04 | 20.1 img/s
2026-10-03 07:03:41,862 | ep  12 it  1200 step   20549 | G 4.204 advAB 0.487 advBA 0.477 cycA 0.099 cycB 0.120 idtA 0.099 idtB 0.111 | D_A 0.179 D_B 0.172 | gG 19.05 gD 7.54 | nonfinite 0 | lr 2.00e-04 | 20.2 img/s
2026-10-03 07:04:01,658 | ep  12 it  1300 step   20649 | G 4.108 advAB 0.493 advBA 0.450 cycA 0.096 cycB 0.116 idtA 0.098 idtB 0.110 | D_A 0.186 D_B 0.174 | gG 19.08 gD 7.41 | nonfinite 0 | lr 2.00e-04 | 20.2 img/s
2026-10-03 07:04:21,362 | ep  12 it  1400 step   20749 | G 4.100 advAB 0.456 advBA 0.464 cycA 0.095 cycB 0.118 idtA 0.096 idtB 0.112 | D_A 0.185 D_B 0.176 | gG 19.49 gD 7.26 | nonfinite 0 | lr 2.00e-04 | 20.3 img/s
2026-10-03 07:04:41,108 | ep  12 it  1500 step   20849 | G 4.216 advAB 0.485 advBA 0.459 cycA 0.099 cycB 0.122 idtA 0.099 idtB 0.112 | D_A 0.184 D_B 0.168 | gG 20.19 gD 7.71 | nonfinite 0 | lr 2.00e-04 | 20.3 img/s
2026-10-03 07:05:01,021 | ep  12 it  1600 step   20949 | G 4.243 advAB 0.496 advBA 0.470 cycA 0.098 cycB 0.122 idtA 0.100 idtB 0.114 | D_A 0.179 D_B 0.174 | gG 20.33 gD 8.04 | nonfinite 0 | lr 2.00e-04 | 20.1 img/s
2026-10-03 07:05:20,902 | ep  12 it  1700 step   21049 | G 4.255 advAB 0.470 advBA 0.467 cycA 0.100 cycB 0.125 idtA 0.100 idtB 0.115 | D_A 0.178 D_B 0.171 | gG 20.38 gD 7.64 | nonfinite 0 | lr 2.00e-04 | 20.1 img/s
2026-10-03 07:05:32,628 | ep  12 it  1759 step   21108 | G 4.207 advAB 0.477 advBA 0.508 cycA 0.097 cycB 0.120 idtA 0.098 idtB 0.113 | D_A 0.178 D_B 0.246 | gG 19.16 gD 10.80 | nonfinite 0 | lr 2.00e-04 | 20.1 img/s
2026-10-03 07:05:32,631 | == epoch 12/60 done in 5.8 min | last G 4.207 D_A 0.178 D_B 0.246 | ETA 4.66 h
2026-10-03 07:05:54,656 | ep  13 it   100 step   21208 | G 4.056 advAB 0.443 advBA 0.468 cycA 0.096 cycB 0.118 idtA 0.096 idtB 0.106 | D_A 0.171 D_B 0.180 | gG 19.59 gD 6.84 | nonfinite 0 | lr 2.00e-04 | 20.1 img/s
2026-10-03 07:06:14,632 | ep  13 it   200 step   21308 | G 4.174 advAB 0.473 advBA 0.471 cycA 0.097 cycB 0.121 idtA 0.098 idtB 0.111 | D_A 0.185 D_B 0.169 | gG 20.49 gD 7.13 | nonfinite 0 | lr 2.00e-04 | 20.0 img/s
2026-10-03 07:06:34,436 | ep  13 it   300 step   21408 | G 4.354 advAB 0.470 advBA 0.463 cycA 0.103 cycB 0.129 idtA 0.101 idtB 0.120 | D_A 0.191 D_B 0.178 | gG 21.32 gD 7.65 | nonfinite 0 | lr 2.00e-04 | 20.2 img/s
2026-10-03 07:06:54,260 | ep  13 it   400 step   21508 | G 4.143 advAB 0.439 advBA 0.472 cycA 0.100 cycB 0.119 idtA 0.095 idtB 0.114 | D_A 0.179 D_B 0.173 | gG 20.82 gD 7.18 | nonfinite 0 | lr 2.00e-04 | 20.2 img/s
2026-10-03 07:07:13,944 | ep  13 it   500 step   21608 | G 4.127 advAB 0.448 advBA 0.463 cycA 0.097 cycB 0.120 idtA 0.096 idtB 0.112 | D_A 0.187 D_B 0.178 | gG 19.79 gD 7.00 | nonfinite 0 | lr 2.00e-04 | 20.3 img/s
2026-10-03 07:07:33,590 | ep  13 it   600 step   21708 | G 4.134 advAB 0.486 advBA 0.461 cycA 0.098 cycB 0.118 idtA 0.095 idtB 0.110 | D_A 0.183 D_B 0.173 | gG 20.12 gD 8.13 | nonfinite 0 | lr 2.00e-04 | 20.4 img/s
2026-10-03 07:07:53,265 | ep  13 it   700 step   21808 | G 4.077 advAB 0.456 advBA 0.468 cycA 0.098 cycB 0.114 idtA 0.097 idtB 0.110 | D_A 0.177 D_B 0.169 | gG 19.45 gD 8.13 | nonfinite 0 | lr 2.00e-04 | 20.3 img/s
2026-10-03 07:08:12,956 | ep  13 it   800 step   21908 | G 4.120 advAB 0.492 advBA 0.482 cycA 0.094 cycB 0.118 idtA 0.093 idtB 0.111 | D_A 0.178 D_B 0.172 | gG 19.29 gD 7.26 | nonfinite 0 | lr 2.00e-04 | 20.3 img/s
2026-10-03 07:08:32,578 | ep  13 it   900 step   22008 | G 3.993 advAB 0.442 advBA 0.456 cycA 0.094 cycB 0.115 idtA 0.092 idtB 0.111 | D_A 0.189 D_B 0.182 | gG 18.07 gD 7.38 | nonfinite 0 | lr 2.00e-04 | 20.4 img/s
2026-10-03 07:08:52,301 | ep  13 it  1000 step   22108 | G 4.139 advAB 0.482 advBA 0.472 cycA 0.095 cycB 0.121 idtA 0.095 idtB 0.111 | D_A 0.175 D_B 0.176 | gG 19.95 gD 7.63 | nonfinite 0 | lr 2.00e-04 | 20.3 img/s
2026-10-03 07:09:12,007 | ep  13 it  1100 step   22208 | G 4.242 advAB 0.477 advBA 0.477 cycA 0.098 cycB 0.125 idtA 0.096 idtB 0.115 | D_A 0.174 D_B 0.180 | gG 20.85 gD 7.32 | nonfinite 0 | lr 2.00e-04 | 20.3 img/s
2026-10-03 07:09:31,688 | ep  13 it  1200 step   22308 | G 4.114 advAB 0.466 advBA 0.488 cycA 0.096 cycB 0.118 idtA 0.096 idtB 0.108 | D_A 0.176 D_B 0.172 | gG 20.36 gD 6.67 | nonfinite 0 | lr 2.00e-04 | 20.3 img/s
2026-10-03 07:09:51,379 | ep  13 it  1300 step   22408 | G 4.120 advAB 0.479 advBA 0.495 cycA 0.095 cycB 0.116 idtA 0.100 idtB 0.106 | D_A 0.178 D_B 0.178 | gG 20.38 gD 7.34 | nonfinite 0 | lr 2.00e-04 | 20.3 img/s
2026-10-03 07:10:10,999 | ep  13 it  1400 step   22508 | G 4.103 advAB 0.477 advBA 0.472 cycA 0.095 cycB 0.119 idtA 0.096 idtB 0.107 | D_A 0.183 D_B 0.182 | gG 19.66 gD 7.17 | nonfinite 0 | lr 2.00e-04 | 20.4 img/s
2026-10-03 07:10:30,581 | ep  13 it  1500 step   22608 | G 3.930 advAB 0.450 advBA 0.448 cycA 0.094 cycB 0.111 idtA 0.095 idtB 0.103 | D_A 0.187 D_B 0.187 | gG 18.61 gD 7.12 | nonfinite 0 | lr 2.00e-04 | 20.4 img/s
2026-10-03 07:10:50,188 | ep  13 it  1600 step   22708 | G 3.928 advAB 0.442 advBA 0.466 cycA 0.092 cycB 0.113 idtA 0.092 idtB 0.102 | D_A 0.180 D_B 0.177 | gG 18.56 gD 7.38 | nonfinite 0 | lr 2.00e-04 | 20.4 img/s
2026-10-03 07:11:09,757 | ep  13 it  1700 step   22808 | G 3.969 advAB 0.443 advBA 0.456 cycA 0.094 cycB 0.113 idtA 0.096 idtB 0.105 | D_A 0.189 D_B 0.187 | gG 19.19 gD 7.41 | nonfinite 0 | lr 2.00e-04 | 20.4 img/s
2026-10-03 07:11:21,308 | ep  13 it  1759 step   22867 | G 4.046 advAB 0.455 advBA 0.465 cycA 0.094 cycB 0.119 idtA 0.096 idtB 0.105 | D_A 0.186 D_B 0.176 | gG 20.58 gD 6.92 | nonfinite 0 | lr 2.00e-04 | 20.4 img/s
2026-10-03 07:11:21,310 | == epoch 13/60 done in 5.8 min | last G 4.046 D_A 0.186 D_B 0.176 | ETA 4.53 h
2026-10-03 07:11:42,993 | ep  14 it   100 step   22967 | G 4.064 advAB 0.473 advBA 0.478 cycA 0.095 cycB 0.117 idtA 0.094 idtB 0.106 | D_A 0.174 D_B 0.179 | gG 20.76 gD 6.97 | nonfinite 0 | lr 2.00e-04 | 20.4 img/s
2026-10-03 07:12:02,747 | ep  14 it   200 step   23067 | G 4.025 advAB 0.466 advBA 0.428 cycA 0.097 cycB 0.116 idtA 0.093 idtB 0.108 | D_A 0.185 D_B 0.173 | gG 21.35 gD 6.55 | nonfinite 0 | lr 2.00e-04 | 20.3 img/s
2026-10-03 07:12:22,305 | ep  14 it   300 step   23167 | G 3.940 advAB 0.452 advBA 0.441 cycA 0.096 cycB 0.111 idtA 0.093 idtB 0.103 | D_A 0.183 D_B 0.181 | gG 19.71 gD 6.38 | nonfinite 0 | lr 2.00e-04 | 20.5 img/s
2026-10-03 07:12:41,865 | ep  14 it   400 step   23267 | G 4.108 advAB 0.439 advBA 0.426 cycA 0.101 cycB 0.120 idtA 0.100 idtB 0.107 | D_A 0.197 D_B 0.185 | gG 20.71 gD 6.47 | nonfinite 0 | lr 2.00e-04 | 20.5 img/s
2026-10-03 07:13:01,467 | ep  14 it   500 step   23367 | G 4.172 advAB 0.457 advBA 0.421 cycA 0.099 cycB 0.124 idtA 0.098 idtB 0.114 | D_A 0.189 D_B 0.180 | gG 19.86 gD 6.22 | nonfinite 0 | lr 2.00e-04 | 20.4 img/s
2026-10-03 07:13:21,046 | ep  14 it   600 step   23467 | G 4.135 advAB 0.431 advBA 0.423 cycA 0.100 cycB 0.123 idtA 0.101 idtB 0.110 | D_A 0.194 D_B 0.188 | gG 19.35 gD 6.10 | nonfinite 0 | lr 2.00e-04 | 20.4 img/s
2026-10-03 07:13:40,585 | ep  14 it   700 step   23567 | G 4.034 advAB 0.451 advBA 0.420 cycA 0.097 cycB 0.117 idtA 0.097 idtB 0.107 | D_A 0.193 D_B 0.184 | gG 18.58 gD 5.91 | nonfinite 0 | lr 2.00e-04 | 20.5 img/s
2026-10-03 07:14:00,145 | ep  14 it   800 step   23667 | G 3.976 advAB 0.457 advBA 0.419 cycA 0.094 cycB 0.117 idtA 0.092 idtB 0.106 | D_A 0.194 D_B 0.189 | gG 18.34 gD 6.21 | nonfinite 0 | lr 2.00e-04 | 20.5 img/s
2026-10-03 07:14:19,742 | ep  14 it   900 step   23767 | G 3.887 advAB 0.433 advBA 0.408 cycA 0.092 cycB 0.114 idtA 0.091 idtB 0.104 | D_A 0.206 D_B 0.181 | gG 17.38 gD 5.96 | nonfinite 0 | lr 2.00e-04 | 20.4 img/s
2026-10-03 07:14:39,329 | ep  14 it  1000 step   23867 | G 3.889 advAB 0.438 advBA 0.416 cycA 0.092 cycB 0.114 idtA 0.091 idtB 0.104 | D_A 0.199 D_B 0.191 | gG 17.72 gD 6.18 | nonfinite 0 | lr 2.00e-04 | 20.4 img/s
2026-10-03 07:14:58,915 | ep  14 it  1100 step   23967 | G 3.863 advAB 0.428 advBA 0.427 cycA 0.090 cycB 0.114 idtA 0.089 idtB 0.105 | D_A 0.196 D_B 0.189 | gG 17.55 gD 6.13 | nonfinite 0 | lr 2.00e-04 | 20.4 img/s
2026-10-03 07:15:18,520 | ep  14 it  1200 step   24067 | G 3.777 advAB 0.423 advBA 0.390 cycA 0.089 cycB 0.111 idtA 0.089 idtB 0.104 | D_A 0.199 D_B 0.191 | gG 16.27 gD 5.89 | nonfinite 0 | lr 2.00e-04 | 20.4 img/s
2026-10-03 07:15:38,127 | ep  14 it  1300 step   24167 | G 3.916 advAB 0.433 advBA 0.413 cycA 0.093 cycB 0.116 idtA 0.091 idtB 0.104 | D_A 0.200 D_B 0.194 | gG 18.98 gD 6.22 | nonfinite 0 | lr 2.00e-04 | 20.4 img/s
2026-10-03 07:15:57,674 | ep  14 it  1400 step   24267 | G 3.895 advAB 0.421 advBA 0.417 cycA 0.093 cycB 0.115 idtA 0.091 idtB 0.104 | D_A 0.200 D_B 0.188 | gG 17.82 gD 5.51 | nonfinite 0 | lr 2.00e-04 | 20.5 img/s
2026-10-03 07:16:17,257 | ep  14 it  1500 step   24367 | G 3.808 advAB 0.421 advBA 0.405 cycA 0.090 cycB 0.112 idtA 0.089 idtB 0.102 | D_A 0.201 D_B 0.188 | gG 17.38 gD 5.63 | nonfinite 0 | lr 2.00e-04 | 20.4 img/s
2026-10-03 07:16:36,860 | ep  14 it  1600 step   24467 | G 3.901 advAB 0.442 advBA 0.424 cycA 0.092 cycB 0.113 idtA 0.090 idtB 0.106 | D_A 0.194 D_B 0.191 | gG 17.22 gD 5.92 | nonfinite 0 | lr 2.00e-04 | 20.4 img/s
2026-10-03 07:16:56,439 | ep  14 it  1700 step   24567 | G 3.795 advAB 0.421 advBA 0.389 cycA 0.091 cycB 0.112 idtA 0.089 idtB 0.103 | D_A 0.207 D_B 0.185 | gG 16.67 gD 5.59 | nonfinite 0 | lr 2.00e-04 | 20.4 img/s
2026-10-03 07:17:07,977 | ep  14 it  1759 step   24626 | G 3.833 advAB 0.448 advBA 0.417 cycA 0.092 cycB 0.110 idtA 0.088 idtB 0.101 | D_A 0.192 D_B 0.182 | gG 17.31 gD 5.29 | nonfinite 0 | lr 2.00e-04 | 20.5 img/s
2026-10-03 07:17:07,980 | == epoch 14/60 done in 5.8 min | last G 3.833 D_A 0.192 D_B 0.182 | ETA 4.41 h
2026-10-03 07:17:29,180 | ep  15 it   100 step   24726 | G 3.735 advAB 0.438 advBA 0.437 cycA 0.089 cycB 0.106 idtA 0.086 idtB 0.097 | D_A 0.189 D_B 0.186 | gG 16.47 gD 5.63 | nonfinite 0 | lr 2.00e-04 | 20.4 img/s
2026-10-03 07:17:48,887 | ep  15 it   200 step   24826 | G 3.925 advAB 0.443 advBA 0.440 cycA 0.095 cycB 0.114 idtA 0.091 idtB 0.101 | D_A 0.190 D_B 0.179 | gG 18.68 gD 5.83 | nonfinite 0 | lr 2.00e-04 | 20.3 img/s
2026-10-03 07:18:08,457 | ep  15 it   300 step   24926 | G 3.786 advAB 0.438 advBA 0.414 cycA 0.091 cycB 0.109 idtA 0.088 idtB 0.098 | D_A 0.194 D_B 0.189 | gG 17.23 gD 5.86 | nonfinite 0 | lr 2.00e-04 | 20.4 img/s
2026-10-03 07:18:28,021 | ep  15 it   400 step   25026 | G 3.912 advAB 0.433 advBA 0.429 cycA 0.095 cycB 0.114 idtA 0.089 idtB 0.104 | D_A 0.189 D_B 0.183 | gG 18.20 gD 5.58 | nonfinite 0 | lr 2.00e-04 | 20.5 img/s
2026-10-03 07:18:47,626 | ep  15 it   500 step   25126 | G 4.044 advAB 0.451 advBA 0.437 cycA 0.094 cycB 0.121 idtA 0.093 idtB 0.108 | D_A 0.193 D_B 0.186 | gG 19.15 gD 6.04 | nonfinite 0 | lr 2.00e-04 | 20.4 img/s
2026-10-03 07:19:07,205 | ep  15 it   600 step   25226 | G 4.480 advAB 0.465 advBA 0.466 cycA 0.111 cycB 0.134 idtA 0.109 idtB 0.112 | D_A 0.174 D_B 0.166 | gG 22.72 gD 5.56 | nonfinite 0 | lr 2.00e-04 | 20.4 img/s
2026-10-03 07:19:26,794 | ep  15 it   700 step   25326 | G 4.058 advAB 0.439 advBA 0.427 cycA 0.097 cycB 0.121 idtA 0.095 idtB 0.109 | D_A 0.187 D_B 0.180 | gG 17.59 gD 5.83 | nonfinite 0 | lr 2.00e-04 | 20.4 img/s
2026-10-03 07:19:46,416 | ep  15 it   800 step   25426 | G 3.891 advAB 0.440 advBA 0.433 cycA 0.092 cycB 0.114 idtA 0.088 idtB 0.103 | D_A 0.187 D_B 0.182 | gG 17.87 gD 5.38 | nonfinite 0 | lr 2.00e-04 | 20.4 img/s
2026-10-03 07:20:05,980 | ep  15 it   900 step   25526 | G 3.932 advAB 0.428 advBA 0.416 cycA 0.092 cycB 0.117 idtA 0.090 idtB 0.108 | D_A 0.192 D_B 0.192 | gG 16.92 gD 5.91 | nonfinite 0 | lr 2.00e-04 | 20.5 img/s
2026-10-03 07:20:25,540 | ep  15 it  1000 step   25626 | G 3.835 advAB 0.436 advBA 0.434 cycA 0.092 cycB 0.109 idtA 0.091 idtB 0.100 | D_A 0.189 D_B 0.186 | gG 16.88 gD 5.49 | nonfinite 0 | lr 2.00e-04 | 20.5 img/s
2026-10-03 07:20:45,137 | ep  15 it  1100 step   25726 | G 3.885 advAB 0.427 advBA 0.423 cycA 0.091 cycB 0.115 idtA 0.088 idtB 0.105 | D_A 0.190 D_B 0.189 | gG 17.22 gD 5.58 | nonfinite 0 | lr 2.00e-04 | 20.4 img/s
2026-10-03 07:21:04,756 | ep  15 it  1200 step   25826 | G 3.890 advAB 0.429 advBA 0.441 cycA 0.092 cycB 0.114 idtA 0.089 idtB 0.104 | D_A 0.197 D_B 0.186 | gG 18.13 gD 5.50 | nonfinite 0 | lr 2.00e-04 | 20.4 img/s
2026-10-03 07:21:24,461 | ep  15 it  1300 step   25926 | G 3.796 advAB 0.421 advBA 0.420 cycA 0.089 cycB 0.114 idtA 0.084 idtB 0.102 | D_A 0.198 D_B 0.187 | gG 17.22 gD 5.66 | nonfinite 0 | lr 2.00e-04 | 20.3 img/s
2026-10-03 07:21:44,077 | ep  15 it  1400 step   26026 | G 3.736 advAB 0.418 advBA 0.411 cycA 0.089 cycB 0.109 idtA 0.087 idtB 0.098 | D_A 0.196 D_B 0.192 | gG 16.01 gD 5.63 | nonfinite 0 | lr 2.00e-04 | 20.4 img/s
2026-10-03 07:22:03,653 | ep  15 it  1500 step   26126 | G 3.823 advAB 0.432 advBA 0.429 cycA 0.087 cycB 0.114 idtA 0.087 idtB 0.104 | D_A 0.189 D_B 0.188 | gG 16.23 gD 5.58 | nonfinite 0 | lr 2.00e-04 | 20.4 img/s
2026-10-03 07:22:23,234 | ep  15 it  1600 step   26226 | G 3.825 advAB 0.432 advBA 0.423 cycA 0.089 cycB 0.113 idtA 0.087 idtB 0.102 | D_A 0.198 D_B 0.190 | gG 17.15 gD 5.78 | nonfinite 0 | lr 2.00e-04 | 20.4 img/s
2026-10-03 07:22:42,857 | ep  15 it  1700 step   26326 | G 3.801 advAB 0.399 advBA 0.410 cycA 0.091 cycB 0.114 idtA 0.086 idtB 0.103 | D_A 0.197 D_B 0.199 | gG 17.72 gD 5.49 | nonfinite 0 | lr 2.00e-04 | 20.4 img/s
2026-10-03 07:22:54,495 | ep  15 it  1759 step   26385 | G 3.761 advAB 0.416 advBA 0.423 cycA 0.088 cycB 0.111 idtA 0.083 idtB 0.104 | D_A 0.193 D_B 0.186 | gG 16.35 gD 5.47 | nonfinite 0 | lr 2.00e-04 | 20.3 img/s
2026-10-03 07:22:54,497 | == epoch 15/60 done in 5.7 min | last G 3.761 D_A 0.193 D_B 0.186 | ETA 4.31 h
2026-10-03 07:23:03,592 |    FID (held-out) B2A 103.37 | A2B 103.19 | avg 103.28  <-- new best (7s)
2026-10-03 07:23:24,302 | ep  16 it   100 step   26485 | G 3.866 advAB 0.441 advBA 0.416 cycA 0.092 cycB 0.114 idtA 0.088 idtB 0.102 | D_A 0.197 D_B 0.181 | gG 18.48 gD 5.28 | nonfinite 0 | lr 2.00e-04 | 20.3 img/s
2026-10-03 07:23:43,961 | ep  16 it   200 step   26585 | G 3.883 advAB 0.430 advBA 0.437 cycA 0.091 cycB 0.115 idtA 0.090 idtB 0.102 | D_A 0.189 D_B 0.186 | gG 17.25 gD 5.56 | nonfinite 0 | lr 2.00e-04 | 20.4 img/s
2026-10-03 07:24:03,705 | ep  16 it   300 step   26685 | G 3.814 advAB 0.449 advBA 0.429 cycA 0.090 cycB 0.109 idtA 0.087 idtB 0.101 | D_A 0.180 D_B 0.183 | gG 17.22 gD 5.15 | nonfinite 0 | lr 2.00e-04 | 20.3 img/s
2026-10-03 07:24:23,215 | ep  16 it   400 step   26785 | G 3.883 advAB 0.433 advBA 0.434 cycA 0.089 cycB 0.116 idtA 0.087 idtB 0.106 | D_A 0.193 D_B 0.194 | gG 17.42 gD 5.82 | nonfinite 0 | lr 2.00e-04 | 20.5 img/s
2026-10-03 07:24:42,790 | ep  16 it   500 step   26885 | G 3.720 advAB 0.408 advBA 0.409 cycA 0.087 cycB 0.110 idtA 0.084 idtB 0.102 | D_A 0.192 D_B 0.192 | gG 16.27 gD 5.52 | nonfinite 0 | lr 2.00e-04 | 20.4 img/s
2026-10-03 07:25:02,272 | ep  16 it   600 step   26985 | G 3.785 advAB 0.430 advBA 0.419 cycA 0.089 cycB 0.111 idtA 0.087 idtB 0.102 | D_A 0.195 D_B 0.184 | gG 16.83 gD 5.40 | nonfinite 0 | lr 2.00e-04 | 20.5 img/s
2026-10-03 07:25:21,915 | ep  16 it   700 step   27085 | G 3.887 advAB 0.439 advBA 0.435 cycA 0.092 cycB 0.113 idtA 0.087 idtB 0.105 | D_A 0.185 D_B 0.182 | gG 18.67 gD 5.75 | nonfinite 0 | lr 2.00e-04 | 20.4 img/s
2026-10-03 07:25:41,439 | ep  16 it   800 step   27185 | G 3.757 advAB 0.448 advBA 0.422 cycA 0.087 cycB 0.110 idtA 0.082 idtB 0.102 | D_A 0.197 D_B 0.188 | gG 16.18 gD 5.49 | nonfinite 0 | lr 2.00e-04 | 20.5 img/s
2026-10-03 07:26:01,057 | ep  16 it   900 step   27285 | G 3.784 advAB 0.434 advBA 0.447 cycA 0.087 cycB 0.110 idtA 0.085 idtB 0.101 | D_A 0.184 D_B 0.186 | gG 15.88 gD 5.17 | nonfinite 0 | lr 2.00e-04 | 20.4 img/s
2026-10-03 07:26:20,611 | ep  16 it  1000 step   27385 | G 3.743 advAB 0.423 advBA 0.446 cycA 0.086 cycB 0.109 idtA 0.085 idtB 0.098 | D_A 0.181 D_B 0.187 | gG 16.79 gD 5.49 | nonfinite 0 | lr 2.00e-04 | 20.5 img/s
2026-10-03 07:26:40,180 | ep  16 it  1100 step   27485 | G 3.799 advAB 0.423 advBA 0.436 cycA 0.088 cycB 0.113 idtA 0.085 idtB 0.102 | D_A 0.187 D_B 0.191 | gG 17.09 gD 5.71 | nonfinite 0 | lr 2.00e-04 | 20.4 img/s
2026-10-03 07:26:59,689 | ep  16 it  1200 step   27585 | G 3.807 advAB 0.421 advBA 0.437 cycA 0.090 cycB 0.111 idtA 0.086 idtB 0.101 | D_A 0.184 D_B 0.187 | gG 16.45 gD 5.69 | nonfinite 0 | lr 2.00e-04 | 20.5 img/s
2026-10-03 07:27:19,263 | ep  16 it  1300 step   27685 | G 3.828 advAB 0.440 advBA 0.444 cycA 0.090 cycB 0.111 idtA 0.086 idtB 0.100 | D_A 0.176 D_B 0.183 | gG 18.62 gD 5.57 | nonfinite 0 | lr 2.00e-04 | 20.4 img/s
2026-10-03 07:27:38,850 | ep  16 it  1400 step   27785 | G 3.750 advAB 0.438 advBA 0.453 cycA 0.087 cycB 0.109 idtA 0.083 idtB 0.098 | D_A 0.174 D_B 0.191 | gG 16.97 gD 5.64 | nonfinite 0 | lr 2.00e-04 | 20.4 img/s
2026-10-03 07:27:58,423 | ep  16 it  1500 step   27885 | G 3.850 advAB 0.417 advBA 0.478 cycA 0.089 cycB 0.113 idtA 0.085 idtB 0.101 | D_A 0.174 D_B 0.184 | gG 16.94 gD 5.70 | nonfinite 0 | lr 2.00e-04 | 20.4 img/s
2026-10-03 07:28:18,018 | ep  16 it  1600 step   27985 | G 3.776 advAB 0.418 advBA 0.480 cycA 0.089 cycB 0.108 idtA 0.087 idtB 0.095 | D_A 0.172 D_B 0.192 | gG 16.33 gD 5.46 | nonfinite 0 | lr 2.00e-04 | 20.4 img/s
2026-10-03 07:28:37,594 | ep  16 it  1700 step   28085 | G 3.824 advAB 0.428 advBA 0.483 cycA 0.089 cycB 0.110 idtA 0.085 idtB 0.099 | D_A 0.171 D_B 0.182 | gG 16.27 gD 5.36 | nonfinite 0 | lr 2.00e-04 | 20.4 img/s
2026-10-03 07:28:49,151 | ep  16 it  1759 step   28144 | G 3.783 advAB 0.435 advBA 0.509 cycA 0.089 cycB 0.105 idtA 0.086 idtB 0.093 | D_A 0.160 D_B 0.185 | gG 16.85 gD 5.61 | nonfinite 0 | lr 2.00e-04 | 20.4 img/s
2026-10-03 07:28:49,154 | == epoch 16/60 done in 5.7 min | last G 3.783 D_A 0.160 D_B 0.185 | ETA 4.21 h
2026-10-03 07:29:10,791 | ep  17 it   100 step   28244 | G 3.869 advAB 0.444 advBA 0.499 cycA 0.089 cycB 0.111 idtA 0.086 idtB 0.099 | D_A 0.159 D_B 0.178 | gG 16.70 gD 5.55 | nonfinite 0 | lr 2.00e-04 | 20.3 img/s
2026-10-03 07:29:30,388 | ep  17 it   200 step   28344 | G 3.778 advAB 0.431 advBA 0.491 cycA 0.087 cycB 0.107 idtA 0.084 idtB 0.097 | D_A 0.153 D_B 0.186 | gG 17.23 gD 5.16 | nonfinite 0 | lr 2.00e-04 | 20.4 img/s
2026-10-03 07:29:49,976 | ep  17 it   300 step   28444 | G 3.801 advAB 0.425 advBA 0.491 cycA 0.089 cycB 0.108 idtA 0.084 idtB 0.099 | D_A 0.160 D_B 0.193 | gG 16.61 gD 5.45 | nonfinite 0 | lr 2.00e-04 | 20.4 img/s
2026-10-03 07:30:09,499 | ep  17 it   400 step   28544 | G 3.941 advAB 0.429 advBA 0.517 cycA 0.090 cycB 0.115 idtA 0.089 idtB 0.099 | D_A 0.156 D_B 0.185 | gG 18.02 gD 5.45 | nonfinite 0 | lr 2.00e-04 | 20.5 img/s
2026-10-03 07:30:29,004 | ep  17 it   500 step   28644 | G 3.909 advAB 0.433 advBA 0.527 cycA 0.091 cycB 0.111 idtA 0.087 idtB 0.098 | D_A 0.155 D_B 0.188 | gG 17.17 gD 5.80 | nonfinite 0 | lr 2.00e-04 | 20.5 img/s
2026-10-03 07:30:48,533 | ep  17 it   600 step   28744 | G 3.927 advAB 0.427 advBA 0.519 cycA 0.088 cycB 0.117 idtA 0.084 idtB 0.103 | D_A 0.148 D_B 0.186 | gG 17.05 gD 5.27 | nonfinite 0 | lr 2.00e-04 | 20.5 img/s
2026-10-03 07:31:08,033 | ep  17 it   700 step   28844 | G 3.838 advAB 0.428 advBA 0.541 cycA 0.089 cycB 0.108 idtA 0.084 idtB 0.096 | D_A 0.152 D_B 0.189 | gG 16.95 gD 5.60 | nonfinite 0 | lr 2.00e-04 | 20.5 img/s
2026-10-03 07:31:27,567 | ep  17 it   800 step   28944 | G 4.027 advAB 0.442 advBA 0.543 cycA 0.092 cycB 0.117 idtA 0.089 idtB 0.102 | D_A 0.145 D_B 0.188 | gG 17.32 gD 5.64 | nonfinite 0 | lr 2.00e-04 | 20.5 img/s
2026-10-03 07:31:47,043 | ep  17 it   900 step   29044 | G 3.856 advAB 0.444 advBA 0.533 cycA 0.087 cycB 0.110 idtA 0.084 idtB 0.098 | D_A 0.136 D_B 0.181 | gG 17.34 gD 5.21 | nonfinite 0 | lr 2.00e-04 | 20.5 img/s
2026-10-03 07:32:06,585 | ep  17 it  1000 step   29144 | G 3.851 advAB 0.415 advBA 0.542 cycA 0.087 cycB 0.110 idtA 0.084 idtB 0.099 | D_A 0.144 D_B 0.185 | gG 17.05 gD 5.69 | nonfinite 0 | lr 2.00e-04 | 20.5 img/s
2026-10-03 07:32:26,136 | ep  17 it  1100 step   29244 | G 3.902 advAB 0.437 advBA 0.550 cycA 0.088 cycB 0.111 idtA 0.084 idtB 0.100 | D_A 0.137 D_B 0.185 | gG 16.33 gD 5.26 | nonfinite 0 | lr 2.00e-04 | 20.5 img/s
2026-10-03 07:32:45,711 | ep  17 it  1200 step   29344 | G 3.864 advAB 0.420 advBA 0.562 cycA 0.088 cycB 0.109 idtA 0.084 idtB 0.098 | D_A 0.138 D_B 0.192 | gG 16.58 gD 5.70 | nonfinite 0 | lr 2.00e-04 | 20.4 img/s
2026-10-03 07:33:05,271 | ep  17 it  1300 step   29444 | G 3.785 advAB 0.431 advBA 0.568 cycA 0.086 cycB 0.105 idtA 0.083 idtB 0.093 | D_A 0.140 D_B 0.189 | gG 15.99 gD 5.38 | nonfinite 0 | lr 2.00e-04 | 20.5 img/s
2026-10-03 07:33:24,821 | ep  17 it  1400 step   29544 | G 3.917 advAB 0.429 advBA 0.575 cycA 0.088 cycB 0.111 idtA 0.085 idtB 0.099 | D_A 0.139 D_B 0.187 | gG 16.49 gD 5.72 | nonfinite 0 | lr 2.00e-04 | 20.5 img/s
2026-10-03 07:33:44,387 | ep  17 it  1500 step   29644 | G 3.973 advAB 0.449 advBA 0.563 cycA 0.090 cycB 0.115 idtA 0.085 idtB 0.098 | D_A 0.130 D_B 0.182 | gG 18.25 gD 5.50 | nonfinite 0 | lr 2.00e-04 | 20.5 img/s
2026-10-03 07:34:03,944 | ep  17 it  1600 step   29744 | G 3.929 advAB 0.441 advBA 0.570 cycA 0.089 cycB 0.110 idtA 0.087 idtB 0.099 | D_A 0.134 D_B 0.182 | gG 16.37 gD 5.89 | nonfinite 0 | lr 2.00e-04 | 20.5 img/s
2026-10-03 07:34:23,452 | ep  17 it  1700 step   29844 | G 3.957 advAB 0.449 advBA 0.557 cycA 0.088 cycB 0.114 idtA 0.086 idtB 0.102 | D_A 0.142 D_B 0.191 | gG 17.09 gD 6.14 | nonfinite 0 | lr 2.00e-04 | 20.5 img/s
2026-10-03 07:34:34,976 | ep  17 it  1759 step   29903 | G 3.876 advAB 0.403 advBA 0.534 cycA 0.088 cycB 0.114 idtA 0.083 idtB 0.101 | D_A 0.147 D_B 0.186 | gG 16.42 gD 5.53 | nonfinite 0 | lr 2.00e-04 | 20.5 img/s
2026-10-03 07:34:34,979 | == epoch 17/60 done in 5.7 min | last G 3.876 D_A 0.147 D_B 0.186 | ETA 4.11 h
2026-10-03 07:34:56,557 | ep  18 it   100 step   30003 | G 3.949 advAB 0.436 advBA 0.559 cycA 0.089 cycB 0.115 idtA 0.083 idtB 0.101 | D_A 0.137 D_B 0.185 | gG 17.53 gD 5.93 | nonfinite 0 | lr 2.00e-04 | 20.3 img/s
2026-10-03 07:35:16,228 | ep  18 it   200 step   30103 | G 3.819 advAB 0.424 advBA 0.568 cycA 0.087 cycB 0.106 idtA 0.084 idtB 0.094 | D_A 0.135 D_B 0.191 | gG 16.58 gD 5.95 | nonfinite 0 | lr 2.00e-04 | 20.3 img/s
2026-10-03 07:35:35,795 | ep  18 it   300 step   30203 | G 3.940 advAB 0.440 advBA 0.567 cycA 0.087 cycB 0.114 idtA 0.085 idtB 0.100 | D_A 0.134 D_B 0.179 | gG 18.07 gD 5.74 | nonfinite 0 | lr 2.00e-04 | 20.4 img/s
2026-10-03 07:35:55,352 | ep  18 it   400 step   30303 | G 4.012 advAB 0.435 advBA 0.554 cycA 0.092 cycB 0.116 idtA 0.089 idtB 0.098 | D_A 0.146 D_B 0.185 | gG 17.74 gD 6.11 | nonfinite 0 | lr 2.00e-04 | 20.5 img/s
2026-10-03 07:36:14,860 | ep  18 it   500 step   30403 | G 3.873 advAB 0.413 advBA 0.571 cycA 0.088 cycB 0.110 idtA 0.085 idtB 0.097 | D_A 0.133 D_B 0.190 | gG 16.15 gD 6.08 | nonfinite 0 | lr 2.00e-04 | 20.5 img/s
2026-10-03 07:36:34,444 | ep  18 it   600 step   30503 | G 3.859 advAB 0.426 advBA 0.529 cycA 0.088 cycB 0.112 idtA 0.084 idtB 0.097 | D_A 0.145 D_B 0.188 | gG 17.96 gD 5.92 | nonfinite 0 | lr 2.00e-04 | 20.4 img/s
2026-10-03 07:36:53,971 | ep  18 it   700 step   30603 | G 4.937 advAB 0.441 advBA 1.245 cycA 0.104 cycB 0.122 idtA 0.105 idtB 0.095 | D_A 1.097 D_B 0.179 | gG 19.10 gD 16.94 | nonfinite 0 | lr 2.00e-04 | 20.5 img/s
2026-10-03 07:37:13,613 | ep  18 it   800 step   30703 | G 4.123 advAB 0.450 advBA 0.298 cycA 0.109 cycB 0.120 idtA 0.118 idtB 0.099 | D_A 0.264 D_B 0.180 | gG 17.59 gD 4.27 | nonfinite 0 | lr 2.00e-04 | 20.4 img/s
2026-10-03 07:37:33,195 | ep  18 it   900 step   30803 | G 3.735 advAB 0.433 advBA 0.283 cycA 0.092 cycB 0.115 idtA 0.087 idtB 0.103 | D_A 0.255 D_B 0.178 | gG 18.31 gD 4.22 | nonfinite 0 | lr 2.00e-04 | 20.4 img/s
2026-10-03 07:37:52,709 | ep  18 it  1000 step   30903 | G 3.655 advAB 0.455 advBA 0.290 cycA 0.091 cycB 0.107 idtA 0.084 idtB 0.102 | D_A 0.240 D_B 0.180 | gG 17.12 gD 4.36 | nonfinite 0 | lr 2.00e-04 | 20.5 img/s
2026-10-03 07:38:12,276 | ep  18 it  1100 step   31003 | G 4.404 advAB 0.478 advBA 0.311 cycA 0.119 cycB 0.131 idtA 0.112 idtB 0.111 | D_A 0.225 D_B 0.167 | gG 22.80 gD 4.21 | nonfinite 0 | lr 2.00e-04 | 20.5 img/s
2026-10-03 07:38:31,914 | ep  18 it  1200 step   31103 | G 3.875 advAB 0.440 advBA 0.311 cycA 0.096 cycB 0.117 idtA 0.091 idtB 0.106 | D_A 0.223 D_B 0.172 | gG 17.70 gD 4.02 | nonfinite 0 | lr 2.00e-04 | 20.4 img/s
2026-10-03 07:38:51,522 | ep  18 it  1300 step   31203 | G 3.596 advAB 0.445 advBA 0.319 cycA 0.087 cycB 0.107 idtA 0.083 idtB 0.095 | D_A 0.217 D_B 0.182 | gG 16.28 gD 4.17 | nonfinite 0 | lr 2.00e-04 | 20.4 img/s
2026-10-03 07:39:11,084 | ep  18 it  1400 step   31303 | G 3.740 advAB 0.454 advBA 0.332 cycA 0.086 cycB 0.116 idtA 0.083 idtB 0.103 | D_A 0.213 D_B 0.179 | gG 17.97 gD 4.81 | nonfinite 0 | lr 2.00e-04 | 20.5 img/s
2026-10-03 07:39:30,800 | ep  18 it  1500 step   31403 | G 3.679 advAB 0.451 advBA 0.339 cycA 0.089 cycB 0.109 idtA 0.084 idtB 0.097 | D_A 0.208 D_B 0.173 | gG 16.68 gD 4.11 | nonfinite 0 | lr 2.00e-04 | 20.3 img/s
2026-10-03 07:39:50,374 | ep  18 it  1600 step   31503 | G 3.640 advAB 0.455 advBA 0.340 cycA 0.087 cycB 0.107 idtA 0.081 idtB 0.098 | D_A 0.209 D_B 0.189 | gG 16.82 gD 4.57 | nonfinite 0 | lr 2.00e-04 | 20.5 img/s
2026-10-03 07:40:09,981 | ep  18 it  1700 step   31603 | G 3.519 advAB 0.421 advBA 0.358 cycA 0.085 cycB 0.103 idtA 0.078 idtB 0.095 | D_A 0.197 D_B 0.180 | gG 15.46 gD 4.17 | nonfinite 0 | lr 2.00e-04 | 20.4 img/s
2026-10-03 07:40:21,579 | ep  18 it  1759 step   31662 | G 3.653 advAB 0.430 advBA 0.358 cycA 0.085 cycB 0.110 idtA 0.081 idtB 0.103 | D_A 0.201 D_B 0.182 | gG 17.07 gD 4.35 | nonfinite 0 | lr 2.00e-04 | 20.4 img/s
2026-10-03 07:40:21,581 | == epoch 18/60 done in 5.8 min | last G 3.653 D_A 0.201 D_B 0.182 | ETA 4.03 h
2026-10-03 07:40:45,221 | ep  19 it   100 step   31762 | G 3.514 advAB 0.444 advBA 0.362 cycA 0.083 cycB 0.101 idtA 0.080 idtB 0.092 | D_A 0.196 D_B 0.176 | gG 15.01 gD 4.59 | nonfinite 0 | lr 2.00e-04 | 20.4 img/s
2026-10-03 07:41:04,898 | ep  19 it   200 step   31862 | G 3.495 advAB 0.438 advBA 0.356 cycA 0.082 cycB 0.103 idtA 0.075 idtB 0.095 | D_A 0.202 D_B 0.178 | gG 16.26 gD 4.67 | nonfinite 0 | lr 2.00e-04 | 20.3 img/s
2026-10-03 07:41:24,456 | ep  19 it   300 step   31962 | G 3.458 advAB 0.431 advBA 0.362 cycA 0.082 cycB 0.100 idtA 0.075 idtB 0.094 | D_A 0.199 D_B 0.183 | gG 15.36 gD 4.74 | nonfinite 0 | lr 2.00e-04 | 20.5 img/s
2026-10-03 07:41:43,996 | ep  19 it   400 step   32062 | G 3.625 advAB 0.437 advBA 0.375 cycA 0.086 cycB 0.107 idtA 0.078 idtB 0.098 | D_A 0.189 D_B 0.179 | gG 16.80 gD 4.79 | nonfinite 0 | lr 2.00e-04 | 20.5 img/s
2026-10-03 07:42:03,555 | ep  19 it   500 step   32162 | G 3.554 advAB 0.448 advBA 0.380 cycA 0.084 cycB 0.103 idtA 0.077 idtB 0.095 | D_A 0.182 D_B 0.182 | gG 15.62 gD 4.61 | nonfinite 0 | lr 2.00e-04 | 20.5 img/s
2026-10-03 07:42:23,090 | ep  19 it   600 step   32262 | G 3.521 advAB 0.448 advBA 0.399 cycA 0.085 cycB 0.100 idtA 0.076 idtB 0.090 | D_A 0.178 D_B 0.180 | gG 16.25 gD 5.19 | nonfinite 0 | lr 2.00e-04 | 20.5 img/s
2026-10-03 07:42:42,688 | ep  19 it   700 step   32362 | G 3.598 advAB 0.419 advBA 0.397 cycA 0.086 cycB 0.105 idtA 0.079 idtB 0.095 | D_A 0.182 D_B 0.184 | gG 16.53 gD 5.14 | nonfinite 0 | lr 2.00e-04 | 20.4 img/s
2026-10-03 07:43:02,301 | ep  19 it   800 step   32462 | G 3.639 advAB 0.443 advBA 0.405 cycA 0.087 cycB 0.105 idtA 0.080 idtB 0.094 | D_A 0.173 D_B 0.181 | gG 15.93 gD 4.84 | nonfinite 0 | lr 2.00e-04 | 20.4 img/s
2026-10-03 07:43:21,818 | ep  19 it   900 step   32562 | G 3.752 advAB 0.454 advBA 0.438 cycA 0.086 cycB 0.110 idtA 0.082 idtB 0.098 | D_A 0.171 D_B 0.175 | gG 17.79 gD 5.04 | nonfinite 0 | lr 2.00e-04 | 20.5 img/s
2026-10-03 07:43:41,331 | ep  19 it  1000 step   32662 | G 3.697 advAB 0.447 advBA 0.433 cycA 0.087 cycB 0.107 idtA 0.080 idtB 0.095 | D_A 0.170 D_B 0.188 | gG 17.82 gD 5.36 | nonfinite 0 | lr 2.00e-04 | 20.5 img/s
2026-10-03 07:44:00,958 | ep  19 it  1100 step   32762 | G 3.710 advAB 0.445 advBA 0.445 cycA 0.085 cycB 0.108 idtA 0.079 idtB 0.098 | D_A 0.162 D_B 0.176 | gG 16.38 gD 5.36 | nonfinite 0 | lr 2.00e-04 | 20.4 img/s
2026-10-03 07:44:20,506 | ep  19 it  1200 step   32862 | G 3.735 advAB 0.428 advBA 0.448 cycA 0.087 cycB 0.111 idtA 0.080 idtB 0.097 | D_A 0.171 D_B 0.184 | gG 18.12 gD 5.46 | nonfinite 0 | lr 2.00e-04 | 20.5 img/s
2026-10-03 07:44:40,108 | ep  19 it  1300 step   32962 | G 3.691 advAB 0.433 advBA 0.439 cycA 0.086 cycB 0.107 idtA 0.082 idtB 0.096 | D_A 0.166 D_B 0.180 | gG 16.96 gD 5.27 | nonfinite 0 | lr 2.00e-04 | 20.4 img/s
2026-10-03 07:44:59,716 | ep  19 it  1400 step   33062 | G 3.641 advAB 0.438 advBA 0.430 cycA 0.085 cycB 0.106 idtA 0.079 idtB 0.094 | D_A 0.169 D_B 0.183 | gG 15.56 gD 5.48 | nonfinite 0 | lr 2.00e-04 | 20.4 img/s
2026-10-03 07:45:19,458 | ep  19 it  1500 step   33162 | G 3.633 advAB 0.455 advBA 0.441 cycA 0.084 cycB 0.103 idtA 0.079 idtB 0.093 | D_A 0.163 D_B 0.178 | gG 15.76 gD 5.50 | nonfinite 0 | lr 2.00e-04 | 20.3 img/s
2026-10-03 07:45:39,028 | ep  19 it  1600 step   33262 | G 3.641 advAB 0.419 advBA 0.450 cycA 0.085 cycB 0.106 idtA 0.077 idtB 0.096 | D_A 0.172 D_B 0.191 | gG 16.70 gD 5.42 | nonfinite 0 | lr 2.00e-04 | 20.4 img/s
2026-10-03 07:45:58,590 | ep  19 it  1700 step   33362 | G 3.672 advAB 0.464 advBA 0.454 cycA 0.085 cycB 0.105 idtA 0.077 idtB 0.093 | D_A 0.172 D_B 0.169 | gG 17.37 gD 5.55 | nonfinite 0 | lr 2.00e-04 | 20.5 img/s
2026-10-03 07:46:10,108 | ep  19 it  1759 step   33421 | G 3.587 advAB 0.430 advBA 0.448 cycA 0.085 cycB 0.102 idtA 0.077 idtB 0.089 | D_A 0.177 D_B 0.185 | gG 15.98 gD 5.61 | nonfinite 0 | lr 2.00e-04 | 20.5 img/s
2026-10-03 07:46:10,111 | == epoch 19/60 done in 5.8 min | last G 3.587 D_A 0.177 D_B 0.185 | ETA 3.95 h
2026-10-03 07:46:32,633 | ep  20 it   100 step   33521 | G 3.616 advAB 0.445 advBA 0.433 cycA 0.084 cycB 0.104 idtA 0.079 idtB 0.091 | D_A 0.168 D_B 0.185 | gG 16.16 gD 5.39 | nonfinite 0 | lr 2.00e-04 | 20.4 img/s
2026-10-03 07:46:52,256 | ep  20 it   200 step   33621 | G 3.630 advAB 0.457 advBA 0.435 cycA 0.082 cycB 0.104 idtA 0.078 idtB 0.096 | D_A 0.179 D_B 0.174 | gG 15.20 gD 5.79 | nonfinite 0 | lr 2.00e-04 | 20.4 img/s
2026-10-03 07:47:11,807 | ep  20 it   300 step   33721 | G 3.621 advAB 0.435 advBA 0.438 cycA 0.085 cycB 0.104 idtA 0.078 idtB 0.093 | D_A 0.176 D_B 0.188 | gG 16.54 gD 5.67 | nonfinite 0 | lr 2.00e-04 | 20.5 img/s
2026-10-03 07:47:31,298 | ep  20 it   400 step   33821 | G 3.586 advAB 0.438 advBA 0.450 cycA 0.083 cycB 0.102 idtA 0.077 idtB 0.092 | D_A 0.175 D_B 0.184 | gG 17.11 gD 5.66 | nonfinite 0 | lr 2.00e-04 | 20.5 img/s
2026-10-03 07:47:50,827 | ep  20 it   500 step   33921 | G 3.575 advAB 0.435 advBA 0.451 cycA 0.083 cycB 0.103 idtA 0.077 idtB 0.090 | D_A 0.176 D_B 0.191 | gG 16.73 gD 5.77 | nonfinite 0 | lr 2.00e-04 | 20.5 img/s
2026-10-03 07:48:10,373 | ep  20 it   600 step   34021 | G 3.875 advAB 0.446 advBA 0.492 cycA 0.087 cycB 0.115 idtA 0.082 idtB 0.101 | D_A 0.173 D_B 0.189 | gG 17.94 gD 5.92 | nonfinite 0 | lr 2.00e-04 | 20.5 img/s
2026-10-03 07:48:29,949 | ep  20 it   700 step   34121 | G 3.867 advAB 0.453 advBA 0.506 cycA 0.091 cycB 0.109 idtA 0.088 idtB 0.094 | D_A 0.163 D_B 0.172 | gG 18.09 gD 5.52 | nonfinite 0 | lr 2.00e-04 | 20.4 img/s
2026-10-03 07:48:49,511 | ep  20 it   800 step   34221 | G 3.774 advAB 0.490 advBA 0.486 cycA 0.087 cycB 0.104 idtA 0.084 idtB 0.092 | D_A 0.146 D_B 0.172 | gG 17.03 gD 5.99 | nonfinite 0 | lr 2.00e-04 | 20.5 img/s
2026-10-03 07:49:09,034 | ep  20 it   900 step   34321 | G 3.743 advAB 0.449 advBA 0.470 cycA 0.086 cycB 0.108 idtA 0.082 idtB 0.096 | D_A 0.167 D_B 0.176 | gG 17.38 gD 5.68 | nonfinite 0 | lr 2.00e-04 | 20.5 img/s
2026-10-03 07:49:28,568 | ep  20 it  1000 step   34421 | G 3.631 advAB 0.452 advBA 0.464 cycA 0.085 cycB 0.103 idtA 0.078 idtB 0.090 | D_A 0.178 D_B 0.180 | gG 15.64 gD 5.58 | nonfinite 0 | lr 2.00e-04 | 20.5 img/s
2026-10-03 07:49:48,093 | ep  20 it  1100 step   34521 | G 3.749 advAB 0.449 advBA 0.450 cycA 0.087 cycB 0.109 idtA 0.081 idtB 0.096 | D_A 0.189 D_B 0.176 | gG 16.49 gD 5.86 | nonfinite 0 | lr 2.00e-04 | 20.5 img/s
2026-10-03 07:50:07,605 | ep  20 it  1200 step   34621 | G 3.708 advAB 0.436 advBA 0.453 cycA 0.086 cycB 0.109 idtA 0.079 idtB 0.095 | D_A 0.180 D_B 0.176 | gG 17.36 gD 5.68 | nonfinite 0 | lr 2.00e-04 | 20.5 img/s
2026-10-03 07:50:27,171 | ep  20 it  1300 step   34721 | G 4.010 advAB 0.455 advBA 0.537 cycA 0.091 cycB 0.118 idtA 0.088 idtB 0.098 | D_A 0.160 D_B 0.172 | gG 19.61 gD 5.67 | nonfinite 0 | lr 2.00e-04 | 20.5 img/s
2026-10-03 07:50:46,697 | ep  20 it  1400 step   34821 | G 3.878 advAB 0.446 advBA 0.493 cycA 0.090 cycB 0.111 idtA 0.090 idtB 0.097 | D_A 0.155 D_B 0.176 | gG 17.66 gD 5.80 | nonfinite 0 | lr 2.00e-04 | 20.5 img/s
2026-10-03 07:51:06,268 | ep  20 it  1500 step   34921 | G 3.758 advAB 0.464 advBA 0.479 cycA 0.087 cycB 0.107 idtA 0.082 idtB 0.094 | D_A 0.166 D_B 0.177 | gG 16.87 gD 5.68 | nonfinite 0 | lr 2.00e-04 | 20.4 img/s
2026-10-03 07:51:25,851 | ep  20 it  1600 step   35021 | G 3.830 advAB 0.459 advBA 0.472 cycA 0.089 cycB 0.110 idtA 0.083 idtB 0.099 | D_A 0.161 D_B 0.173 | gG 17.47 gD 5.27 | nonfinite 0 | lr 2.00e-04 | 20.4 img/s
2026-10-03 07:51:45,485 | ep  20 it  1700 step   35121 | G 3.791 advAB 0.458 advBA 0.454 cycA 0.089 cycB 0.108 idtA 0.084 idtB 0.097 | D_A 0.177 D_B 0.175 | gG 17.72 gD 5.70 | nonfinite 0 | lr 2.00e-04 | 20.4 img/s
2026-10-03 07:51:57,147 | ep  20 it  1759 step   35180 | G 3.680 advAB 0.457 advBA 0.445 cycA 0.086 cycB 0.103 idtA 0.080 idtB 0.097 | D_A 0.173 D_B 0.176 | gG 17.30 gD 5.75 | nonfinite 0 | lr 2.00e-04 | 20.3 img/s
2026-10-03 07:51:57,149 | == epoch 20/60 done in 5.8 min | last G 3.680 D_A 0.173 D_B 0.176 | ETA 3.84 h
2026-10-03 07:52:06,359 |    FID (held-out) B2A 99.18 | A2B 101.03 | avg 100.11  <-- new best (7s)
2026-10-03 07:52:27,307 | ep  21 it   100 step   35280 | G 3.702 advAB 0.453 advBA 0.453 cycA 0.087 cycB 0.105 idtA 0.080 idtB 0.095 | D_A 0.186 D_B 0.179 | gG 18.80 gD 5.68 | nonfinite 0 | lr 2.00e-04 | 20.3 img/s
2026-10-03 07:52:46,983 | ep  21 it   200 step   35380 | G 3.617 advAB 0.448 advBA 0.426 cycA 0.084 cycB 0.105 idtA 0.078 idtB 0.092 | D_A 0.188 D_B 0.183 | gG 18.48 gD 5.76 | nonfinite 0 | lr 2.00e-04 | 20.3 img/s
2026-10-03 07:53:06,705 | ep  21 it   300 step   35480 | G 3.625 advAB 0.444 advBA 0.440 cycA 0.083 cycB 0.106 idtA 0.077 idtB 0.093 | D_A 0.184 D_B 0.179 | gG 17.96 gD 5.80 | nonfinite 0 | lr 2.00e-04 | 20.3 img/s
2026-10-03 07:53:26,254 | ep  21 it   400 step   35580 | G 3.631 advAB 0.433 advBA 0.459 cycA 0.084 cycB 0.105 idtA 0.077 idtB 0.092 | D_A 0.188 D_B 0.169 | gG 17.77 gD 5.37 | nonfinite 0 | lr 2.00e-04 | 20.5 img/s
2026-10-03 07:53:45,830 | ep  21 it   500 step   35680 | G 3.564 advAB 0.432 advBA 0.438 cycA 0.084 cycB 0.102 idtA 0.076 idtB 0.090 | D_A 0.189 D_B 0.179 | gG 17.85 gD 5.30 | nonfinite 0 | lr 2.00e-04 | 20.4 img/s
2026-10-03 07:54:05,559 | ep  21 it   600 step   35780 | G 3.635 advAB 0.450 advBA 0.456 cycA 0.083 cycB 0.105 idtA 0.078 idtB 0.090 | D_A 0.181 D_B 0.176 | gG 19.61 gD 5.28 | nonfinite 0 | lr 2.00e-04 | 20.3 img/s
2026-10-03 07:54:25,155 | ep  21 it   700 step   35880 | G 3.784 advAB 0.449 advBA 0.434 cycA 0.084 cycB 0.116 idtA 0.077 idtB 0.103 | D_A 0.188 D_B 0.176 | gG 18.79 gD 5.38 | nonfinite 0 | lr 2.00e-04 | 20.4 img/s
2026-10-03 07:54:44,731 | ep  21 it   800 step   35980 | G 3.582 advAB 0.450 advBA 0.429 cycA 0.082 cycB 0.105 idtA 0.076 idtB 0.092 | D_A 0.183 D_B 0.182 | gG 17.90 gD 5.39 | nonfinite 0 | lr 2.00e-04 | 20.4 img/s
2026-10-03 07:55:04,297 | ep  21 it   900 step   36080 | G 3.634 advAB 0.446 advBA 0.442 cycA 0.084 cycB 0.106 idtA 0.076 idtB 0.093 | D_A 0.183 D_B 0.184 | gG 18.30 gD 5.70 | nonfinite 0 | lr 2.00e-04 | 20.5 img/s
2026-10-03 07:55:23,945 | ep  21 it  1000 step   36180 | G 3.560 advAB 0.439 advBA 0.447 cycA 0.083 cycB 0.102 idtA 0.076 idtB 0.090 | D_A 0.185 D_B 0.178 | gG 17.53 gD 5.46 | nonfinite 0 | lr 2.00e-04 | 20.4 img/s
2026-10-03 07:55:43,514 | ep  21 it  1100 step   36280 | G 3.582 advAB 0.436 advBA 0.433 cycA 0.083 cycB 0.105 idtA 0.076 idtB 0.091 | D_A 0.191 D_B 0.180 | gG 17.99 gD 5.59 | nonfinite 0 | lr 2.00e-04 | 20.4 img/s
2026-10-03 07:56:03,045 | ep  21 it  1200 step   36380 | G 3.690 advAB 0.446 advBA 0.434 cycA 0.083 cycB 0.111 idtA 0.077 idtB 0.097 | D_A 0.179 D_B 0.178 | gG 18.37 gD 4.92 | nonfinite 0 | lr 2.00e-04 | 20.5 img/s
2026-10-03 07:56:22,671 | ep  21 it  1300 step   36480 | G 3.757 advAB 0.440 advBA 0.487 cycA 0.086 cycB 0.109 idtA 0.080 idtB 0.095 | D_A 0.176 D_B 0.178 | gG 19.25 gD 5.40 | nonfinite 0 | lr 2.00e-04 | 20.4 img/s
2026-10-03 07:56:42,271 | ep  21 it  1400 step   36580 | G 3.818 advAB 0.459 advBA 0.470 cycA 0.086 cycB 0.113 idtA 0.082 idtB 0.098 | D_A 0.175 D_B 0.176 | gG 20.24 gD 5.23 | nonfinite 0 | lr 2.00e-04 | 20.4 img/s
2026-10-03 07:57:01,861 | ep  21 it  1500 step   36680 | G 4.129 advAB 0.450 advBA 0.501 cycA 0.097 cycB 0.124 idtA 0.099 idtB 0.096 | D_A 0.168 D_B 0.176 | gG 22.82 gD 5.49 | nonfinite 0 | lr 2.00e-04 | 20.4 img/s
2026-10-03 07:57:21,454 | ep  21 it  1600 step   36780 | G 3.882 advAB 0.453 advBA 0.490 cycA 0.094 cycB 0.108 idtA 0.092 idtB 0.091 | D_A 0.169 D_B 0.181 | gG 19.50 gD 5.71 | nonfinite 0 | lr 2.00e-04 | 20.4 img/s
2026-10-03 07:57:41,040 | ep  21 it  1700 step   36880 | G 3.737 advAB 0.432 advBA 0.456 cycA 0.089 cycB 0.108 idtA 0.084 idtB 0.092 | D_A 0.176 D_B 0.178 | gG 18.39 gD 5.38 | nonfinite 0 | lr 2.00e-04 | 20.4 img/s
2026-10-03 07:57:52,578 | ep  21 it  1759 step   36939 | G 3.961 advAB 0.449 advBA 0.494 cycA 0.095 cycB 0.116 idtA 0.086 idtB 0.096 | D_A 0.164 D_B 0.169 | gG 20.70 gD 5.36 | nonfinite 0 | lr 2.00e-04 | 20.5 img/s
2026-10-03 07:57:52,581 | == epoch 21/60 done in 5.7 min | last G 3.961 D_A 0.164 D_B 0.169 | ETA 3.74 h
2026-10-03 07:58:14,888 | ep  22 it   100 step   37039 | G 3.852 advAB 0.459 advBA 0.486 cycA 0.087 cycB 0.112 idtA 0.083 idtB 0.100 | D_A 0.166 D_B 0.170 | gG 19.40 gD 5.31 | nonfinite 0 | lr 2.00e-04 | 20.4 img/s
2026-10-03 07:58:34,548 | ep  22 it   200 step   37139 | G 3.833 advAB 0.467 advBA 0.473 cycA 0.089 cycB 0.110 idtA 0.086 idtB 0.095 | D_A 0.172 D_B 0.176 | gG 18.36 gD 5.62 | nonfinite 0 | lr 2.00e-04 | 20.4 img/s
2026-10-03 07:58:54,138 | ep  22 it   300 step   37239 | G 3.722 advAB 0.450 advBA 0.480 cycA 0.085 cycB 0.107 idtA 0.080 idtB 0.095 | D_A 0.168 D_B 0.175 | gG 18.02 gD 5.44 | nonfinite 0 | lr 2.00e-04 | 20.4 img/s
2026-10-03 07:59:13,628 | ep  22 it   400 step   37339 | G 3.680 advAB 0.450 advBA 0.469 cycA 0.085 cycB 0.106 idtA 0.079 idtB 0.093 | D_A 0.174 D_B 0.181 | gG 18.54 gD 5.56 | nonfinite 0 | lr 2.00e-04 | 20.5 img/s
2026-10-03 07:59:33,255 | ep  22 it   500 step   37439 | G 3.645 advAB 0.441 advBA 0.500 cycA 0.084 cycB 0.103 idtA 0.076 idtB 0.091 | D_A 0.171 D_B 0.176 | gG 17.40 gD 5.18 | nonfinite 0 | lr 2.00e-04 | 20.4 img/s
2026-10-03 07:59:52,806 | ep  22 it   600 step   37539 | G 3.613 advAB 0.444 advBA 0.502 cycA 0.082 cycB 0.102 idtA 0.078 idtB 0.087 | D_A 0.165 D_B 0.178 | gG 18.40 gD 5.44 | nonfinite 0 | lr 2.00e-04 | 20.5 img/s
2026-10-03 08:00:12,476 | ep  22 it   700 step   37639 | G 3.614 advAB 0.447 advBA 0.480 cycA 0.082 cycB 0.103 idtA 0.075 idtB 0.091 | D_A 0.166 D_B 0.175 | gG 17.54 gD 5.27 | nonfinite 0 | lr 2.00e-04 | 20.3 img/s
2026-10-03 08:00:32,026 | ep  22 it   800 step   37739 | G 3.628 advAB 0.451 advBA 0.502 cycA 0.081 cycB 0.105 idtA 0.074 idtB 0.090 | D_A 0.156 D_B 0.174 | gG 17.45 gD 5.08 | nonfinite 0 | lr 2.00e-04 | 20.5 img/s
2026-10-03 08:00:51,635 | ep  22 it   900 step   37839 | G 3.621 advAB 0.453 advBA 0.506 cycA 0.082 cycB 0.103 idtA 0.074 idtB 0.089 | D_A 0.170 D_B 0.176 | gG 16.88 gD 5.33 | nonfinite 0 | lr 2.00e-04 | 20.4 img/s
2026-10-03 08:01:11,202 | ep  22 it  1000 step   37939 | G 3.691 advAB 0.448 advBA 0.501 cycA 0.083 cycB 0.108 idtA 0.076 idtB 0.090 | D_A 0.160 D_B 0.182 | gG 18.28 gD 5.41 | nonfinite 0 | lr 2.00e-04 | 20.5 img/s
2026-10-03 08:01:30,825 | ep  22 it  1100 step   38039 | G 3.717 advAB 0.455 advBA 0.522 cycA 0.084 cycB 0.105 idtA 0.077 idtB 0.093 | D_A 0.163 D_B 0.180 | gG 17.25 gD 5.56 | nonfinite 0 | lr 2.00e-04 | 20.4 img/s
2026-10-03 08:01:50,391 | ep  22 it  1200 step   38139 | G 3.877 advAB 0.437 advBA 0.556 cycA 0.089 cycB 0.110 idtA 0.084 idtB 0.095 | D_A 0.143 D_B 0.177 | gG 19.13 gD 5.17 | nonfinite 0 | lr 2.00e-04 | 20.5 img/s
2026-10-03 08:02:09,973 | ep  22 it  1300 step   38239 | G 3.692 advAB 0.436 advBA 0.507 cycA 0.083 cycB 0.108 idtA 0.076 idtB 0.093 | D_A 0.151 D_B 0.180 | gG 17.78 gD 5.27 | nonfinite 0 | lr 2.00e-04 | 20.4 img/s
2026-10-03 08:02:29,568 | ep  22 it  1400 step   38339 | G 3.930 advAB 0.473 advBA 0.533 cycA 0.089 cycB 0.115 idtA 0.079 idtB 0.099 | D_A 0.147 D_B 0.172 | gG 19.81 gD 5.38 | nonfinite 0 | lr 2.00e-04 | 20.4 img/s
2026-10-03 08:02:49,102 | ep  22 it  1500 step   38439 | G 3.723 advAB 0.463 advBA 0.542 cycA 0.084 cycB 0.104 idtA 0.078 idtB 0.089 | D_A 0.141 D_B 0.171 | gG 17.78 gD 5.18 | nonfinite 0 | lr 2.00e-04 | 20.5 img/s
2026-10-03 08:03:08,659 | ep  22 it  1600 step   38539 | G 4.062 advAB 0.460 advBA 0.642 cycA 0.092 cycB 0.113 idtA 0.089 idtB 0.093 | D_A 0.125 D_B 0.172 | gG 20.04 gD 5.27 | nonfinite 0 | lr 2.00e-04 | 20.5 img/s
2026-10-03 08:03:28,233 | ep  22 it  1700 step   38639 | G 3.738 advAB 0.460 advBA 0.545 cycA 0.083 cycB 0.105 idtA 0.077 idtB 0.093 | D_A 0.140 D_B 0.176 | gG 16.86 gD 5.46 | nonfinite 0 | lr 2.00e-04 | 20.4 img/s
2026-10-03 08:03:39,778 | ep  22 it  1759 step   38698 | G 3.719 advAB 0.440 advBA 0.555 cycA 0.083 cycB 0.105 idtA 0.076 idtB 0.091 | D_A 0.137 D_B 0.175 | gG 17.09 gD 5.25 | nonfinite 0 | lr 2.00e-04 | 20.5 img/s
2026-10-03 08:03:39,780 | == epoch 22/60 done in 5.8 min | last G 3.719 D_A 0.137 D_B 0.175 | ETA 3.65 h
2026-10-03 08:04:01,546 | ep  23 it   100 step   38798 | G 3.623 advAB 0.454 advBA 0.558 cycA 0.081 cycB 0.099 idtA 0.073 idtB 0.089 | D_A 0.133 D_B 0.175 | gG 16.96 gD 5.14 | nonfinite 0 | lr 2.00e-04 | 20.4 img/s
2026-10-03 08:04:21,192 | ep  23 it   200 step   38898 | G 3.643 advAB 0.444 advBA 0.556 cycA 0.081 cycB 0.102 idtA 0.074 idtB 0.088 | D_A 0.137 D_B 0.178 | gG 17.28 gD 5.31 | nonfinite 0 | lr 2.00e-04 | 20.4 img/s
2026-10-03 08:04:40,779 | ep  23 it   300 step   38998 | G 3.694 advAB 0.446 advBA 0.538 cycA 0.083 cycB 0.103 idtA 0.075 idtB 0.094 | D_A 0.141 D_B 0.177 | gG 16.72 gD 5.22 | nonfinite 0 | lr 2.00e-04 | 20.4 img/s
2026-10-03 08:05:00,391 | ep  23 it   400 step   39098 | G 3.753 advAB 0.464 advBA 0.559 cycA 0.083 cycB 0.106 idtA 0.075 idtB 0.093 | D_A 0.132 D_B 0.170 | gG 17.73 gD 5.28 | nonfinite 0 | lr 2.00e-04 | 20.4 img/s
2026-10-03 08:05:20,020 | ep  23 it   500 step   39198 | G 3.721 advAB 0.438 advBA 0.557 cycA 0.083 cycB 0.104 idtA 0.080 idtB 0.091 | D_A 0.138 D_B 0.177 | gG 16.72 gD 5.16 | nonfinite 0 | lr 2.00e-04 | 20.4 img/s
2026-10-03 08:05:39,610 | ep  23 it   600 step   39298 | G 3.766 advAB 0.458 advBA 0.555 cycA 0.085 cycB 0.107 idtA 0.080 idtB 0.088 | D_A 0.135 D_B 0.173 | gG 18.72 gD 5.36 | nonfinite 0 | lr 2.00e-04 | 20.4 img/s
2026-10-03 08:05:59,194 | ep  23 it   700 step   39398 | G 3.690 advAB 0.450 advBA 0.562 cycA 0.083 cycB 0.103 idtA 0.075 idtB 0.088 | D_A 0.137 D_B 0.178 | gG 17.26 gD 5.46 | nonfinite 0 | lr 2.00e-04 | 20.4 img/s
2026-10-03 08:06:18,796 | ep  23 it   800 step   39498 | G 3.803 advAB 0.460 advBA 0.553 cycA 0.085 cycB 0.109 idtA 0.077 idtB 0.093 | D_A 0.140 D_B 0.175 | gG 19.15 gD 5.47 | nonfinite 0 | lr 2.00e-04 | 20.4 img/s
2026-10-03 08:06:38,417 | ep  23 it   900 step   39598 | G 3.868 advAB 0.465 advBA 0.578 cycA 0.088 cycB 0.107 idtA 0.081 idtB 0.094 | D_A 0.129 D_B 0.176 | gG 18.15 gD 5.49 | nonfinite 0 | lr 2.00e-04 | 20.4 img/s
2026-10-03 08:06:57,980 | ep  23 it  1000 step   39698 | G 3.667 advAB 0.451 advBA 0.555 cycA 0.081 cycB 0.103 idtA 0.074 idtB 0.089 | D_A 0.139 D_B 0.177 | gG 16.74 gD 5.41 | nonfinite 0 | lr 2.00e-04 | 20.5 img/s
2026-10-03 08:07:17,571 | ep  23 it  1100 step   39798 | G 3.655 advAB 0.451 advBA 0.555 cycA 0.080 cycB 0.104 idtA 0.073 idtB 0.089 | D_A 0.141 D_B 0.175 | gG 16.83 gD 5.43 | nonfinite 0 | lr 2.00e-04 | 20.4 img/s
2026-10-03 08:07:37,158 | ep  23 it  1200 step   39898 | G 3.685 advAB 0.443 advBA 0.540 cycA 0.083 cycB 0.105 idtA 0.074 idtB 0.091 | D_A 0.147 D_B 0.177 | gG 17.72 gD 5.38 | nonfinite 0 | lr 2.00e-04 | 20.4 img/s
2026-10-03 08:07:56,713 | ep  23 it  1300 step   39998 | G 3.597 advAB 0.446 advBA 0.521 cycA 0.082 cycB 0.101 idtA 0.074 idtB 0.087 | D_A 0.147 D_B 0.184 | gG 15.93 gD 5.77 | nonfinite 0 | lr 2.00e-04 | 20.5 img/s
2026-10-03 08:08:16,316 | ep  23 it  1400 step   40098 | G 3.701 advAB 0.447 advBA 0.545 cycA 0.082 cycB 0.106 idtA 0.073 idtB 0.092 | D_A 0.149 D_B 0.172 | gG 17.56 gD 5.56 | nonfinite 0 | lr 2.00e-04 | 20.4 img/s
2026-10-03 08:08:35,902 | ep  23 it  1500 step   40198 | G 3.658 advAB 0.446 advBA 0.510 cycA 0.083 cycB 0.105 idtA 0.072 idtB 0.092 | D_A 0.157 D_B 0.174 | gG 16.78 gD 5.57 | nonfinite 0 | lr 2.00e-04 | 20.4 img/s
2026-10-03 08:08:55,537 | ep  23 it  1600 step   40298 | G 3.796 advAB 0.460 advBA 0.513 cycA 0.083 cycB 0.113 idtA 0.078 idtB 0.095 | D_A 0.155 D_B 0.171 | gG 17.40 gD 5.47 | nonfinite 0 | lr 2.00e-04 | 20.4 img/s
2026-10-03 08:09:15,204 | ep  23 it  1700 step   40398 | G 3.689 advAB 0.452 advBA 0.489 cycA 0.083 cycB 0.109 idtA 0.073 idtB 0.093 | D_A 0.163 D_B 0.179 | gG 17.68 gD 5.60 | nonfinite 0 | lr 2.00e-04 | 20.3 img/s
2026-10-03 08:09:26,743 | ep  23 it  1759 step   40457 | G 3.626 advAB 0.434 advBA 0.494 cycA 0.081 cycB 0.107 idtA 0.072 idtB 0.092 | D_A 0.172 D_B 0.187 | gG 17.24 gD 5.74 | nonfinite 0 | lr 2.00e-04 | 20.5 img/s
2026-10-03 08:09:26,745 | == epoch 23/60 done in 5.8 min | last G 3.626 D_A 0.172 D_B 0.187 | ETA 3.55 h
2026-10-03 08:09:49,558 | ep  24 it   100 step   40557 | G 3.549 advAB 0.459 advBA 0.463 cycA 0.080 cycB 0.102 idtA 0.070 idtB 0.091 | D_A 0.177 D_B 0.171 | gG 17.41 gD 5.66 | nonfinite 0 | lr 2.00e-04 | 20.4 img/s
2026-10-03 08:10:09,304 | ep  24 it   200 step   40657 | G 3.486 advAB 0.439 advBA 0.429 cycA 0.081 cycB 0.101 idtA 0.073 idtB 0.087 | D_A 0.190 D_B 0.177 | gG 17.35 gD 5.56 | nonfinite 0 | lr 2.00e-04 | 20.3 img/s
2026-10-03 08:10:28,880 | ep  24 it   300 step   40757 | G 3.548 advAB 0.457 advBA 0.450 cycA 0.083 cycB 0.100 idtA 0.075 idtB 0.087 | D_A 0.181 D_B 0.177 | gG 17.14 gD 5.57 | nonfinite 0 | lr 2.00e-04 | 20.4 img/s
2026-10-03 08:10:48,501 | ep  24 it   400 step   40857 | G 3.689 advAB 0.470 advBA 0.477 cycA 0.085 cycB 0.106 idtA 0.077 idtB 0.088 | D_A 0.180 D_B 0.169 | gG 18.21 gD 5.57 | nonfinite 0 | lr 2.00e-04 | 20.4 img/s
2026-10-03 08:11:08,129 | ep  24 it   500 step   40957 | G 3.551 advAB 0.448 advBA 0.468 cycA 0.082 cycB 0.101 idtA 0.074 idtB 0.088 | D_A 0.183 D_B 0.177 | gG 15.49 gD 5.56 | nonfinite 0 | lr 2.00e-04 | 20.4 img/s
2026-10-03 08:11:27,886 | ep  24 it   600 step   41057 | G 3.700 advAB 0.447 advBA 0.448 cycA 0.085 cycB 0.108 idtA 0.081 idtB 0.094 | D_A 0.187 D_B 0.172 | gG 19.82 gD 5.64 | nonfinite 0 | lr 2.00e-04 | 20.3 img/s
2026-10-03 08:11:47,497 | ep  24 it   700 step   41157 | G 3.673 advAB 0.445 advBA 0.449 cycA 0.085 cycB 0.108 idtA 0.078 idtB 0.092 | D_A 0.174 D_B 0.178 | gG 17.82 gD 5.56 | nonfinite 0 | lr 2.00e-04 | 20.4 img/s
2026-10-03 08:12:07,044 | ep  24 it   800 step   41257 | G 3.694 advAB 0.458 advBA 0.441 cycA 0.087 cycB 0.108 idtA 0.079 idtB 0.091 | D_A 0.180 D_B 0.174 | gG 18.96 gD 5.67 | nonfinite 0 | lr 2.00e-04 | 20.5 img/s
2026-10-03 08:12:26,659 | ep  24 it   900 step   41357 | G 3.624 advAB 0.445 advBA 0.455 cycA 0.082 cycB 0.106 idtA 0.075 idtB 0.092 | D_A 0.184 D_B 0.176 | gG 17.11 gD 5.67 | nonfinite 0 | lr 2.00e-04 | 20.4 img/s
2026-10-03 08:12:46,280 | ep  24 it  1000 step   41457 | G 3.642 advAB 0.454 advBA 0.464 cycA 0.084 cycB 0.104 idtA 0.077 idtB 0.091 | D_A 0.176 D_B 0.169 | gG 17.59 gD 5.44 | nonfinite 0 | lr 2.00e-04 | 20.4 img/s
2026-10-03 08:13:06,018 | ep  24 it  1100 step   41557 | G 3.833 advAB 0.449 advBA 0.459 cycA 0.090 cycB 0.114 idtA 0.086 idtB 0.091 | D_A 0.170 D_B 0.174 | gG 19.77 gD 5.56 | nonfinite 0 | lr 2.00e-04 | 20.3 img/s
2026-10-03 08:13:25,647 | ep  24 it  1200 step   41657 | G 3.827 advAB 0.462 advBA 0.488 cycA 0.088 cycB 0.110 idtA 0.085 idtB 0.093 | D_A 0.162 D_B 0.169 | gG 17.21 gD 5.43 | nonfinite 0 | lr 2.00e-04 | 20.4 img/s
2026-10-03 08:13:45,272 | ep  24 it  1300 step   41757 | G 3.787 advAB 0.465 advBA 0.497 cycA 0.090 cycB 0.107 idtA 0.079 idtB 0.093 | D_A 0.178 D_B 0.170 | gG 19.26 gD 5.73 | nonfinite 0 | lr 2.00e-04 | 20.4 img/s
2026-10-03 08:14:04,896 | ep  24 it  1400 step   41857 | G 3.808 advAB 0.474 advBA 0.475 cycA 0.087 cycB 0.111 idtA 0.081 idtB 0.093 | D_A 0.173 D_B 0.176 | gG 17.88 gD 5.48 | nonfinite 0 | lr 2.00e-04 | 20.4 img/s
2026-10-03 08:14:24,413 | ep  24 it  1500 step   41957 | G 3.736 advAB 0.464 advBA 0.474 cycA 0.087 cycB 0.108 idtA 0.080 idtB 0.090 | D_A 0.171 D_B 0.163 | gG 18.17 gD 5.51 | nonfinite 0 | lr 2.00e-04 | 20.5 img/s
2026-10-03 08:14:43,953 | ep  24 it  1600 step   42057 | G 3.550 advAB 0.447 advBA 0.441 cycA 0.084 cycB 0.101 idtA 0.075 idtB 0.088 | D_A 0.183 D_B 0.173 | gG 16.71 gD 5.50 | nonfinite 0 | lr 2.00e-04 | 20.5 img/s
2026-10-03 08:15:03,533 | ep  24 it  1700 step   42157 | G 3.555 advAB 0.452 advBA 0.451 cycA 0.082 cycB 0.103 idtA 0.073 idtB 0.087 | D_A 0.188 D_B 0.176 | gG 17.81 gD 5.49 | nonfinite 0 | lr 2.00e-04 | 20.4 img/s
2026-10-03 08:15:15,089 | ep  24 it  1759 step   42216 | G 3.548 advAB 0.458 advBA 0.426 cycA 0.082 cycB 0.104 idtA 0.073 idtB 0.088 | D_A 0.186 D_B 0.179 | gG 16.92 gD 5.38 | nonfinite 0 | lr 2.00e-04 | 20.4 img/s
2026-10-03 08:15:15,091 | == epoch 24/60 done in 5.8 min | last G 3.548 D_A 0.186 D_B 0.179 | ETA 3.47 h
2026-10-03 08:15:36,818 | ep  25 it   100 step   42316 | G 3.657 advAB 0.457 advBA 0.462 cycA 0.083 cycB 0.107 idtA 0.075 idtB 0.093 | D_A 0.176 D_B 0.167 | gG 18.40 gD 5.37 | nonfinite 0 | lr 2.00e-04 | 20.4 img/s
2026-10-03 08:15:56,473 | ep  25 it   200 step   42416 | G 3.470 advAB 0.437 advBA 0.432 cycA 0.080 cycB 0.101 idtA 0.070 idtB 0.089 | D_A 0.187 D_B 0.184 | gG 15.66 gD 5.72 | nonfinite 0 | lr 2.00e-04 | 20.4 img/s
2026-10-03 08:16:16,222 | ep  25 it   300 step   42516 | G 3.504 advAB 0.472 advBA 0.443 cycA 0.080 cycB 0.101 idtA 0.070 idtB 0.087 | D_A 0.190 D_B 0.171 | gG 16.71 gD 5.44 | nonfinite 0 | lr 2.00e-04 | 20.3 img/s
2026-10-03 08:16:35,862 | ep  25 it   400 step   42616 | G 3.547 advAB 0.462 advBA 0.432 cycA 0.084 cycB 0.102 idtA 0.070 idtB 0.088 | D_A 0.185 D_B 0.172 | gG 16.72 gD 5.75 | nonfinite 0 | lr 2.00e-04 | 20.4 img/s
2026-10-03 08:16:55,501 | ep  25 it   500 step   42716 | G 3.565 advAB 0.451 advBA 0.440 cycA 0.081 cycB 0.105 idtA 0.073 idtB 0.091 | D_A 0.182 D_B 0.173 | gG 18.18 gD 5.50 | nonfinite 0 | lr 2.00e-04 | 20.4 img/s
2026-10-03 08:17:15,153 | ep  25 it   600 step   42816 | G 3.498 advAB 0.448 advBA 0.458 cycA 0.080 cycB 0.100 idtA 0.071 idtB 0.087 | D_A 0.182 D_B 0.175 | gG 16.74 gD 5.53 | nonfinite 0 | lr 2.00e-04 | 20.4 img/s
2026-10-03 08:17:34,745 | ep  25 it   700 step   42916 | G 3.634 advAB 0.473 advBA 0.445 cycA 0.082 cycB 0.107 idtA 0.072 idtB 0.093 | D_A 0.185 D_B 0.171 | gG 17.65 gD 5.64 | nonfinite 0 | lr 2.00e-04 | 20.4 img/s
2026-10-03 08:17:54,323 | ep  25 it   800 step   43016 | G 3.564 advAB 0.467 advBA 0.447 cycA 0.081 cycB 0.104 idtA 0.070 idtB 0.090 | D_A 0.186 D_B 0.167 | gG 17.57 gD 5.36 | nonfinite 0 | lr 2.00e-04 | 20.4 img/s
2026-10-03 08:18:13,948 | ep  25 it   900 step   43116 | G 3.530 advAB 0.470 advBA 0.457 cycA 0.080 cycB 0.102 idtA 0.071 idtB 0.085 | D_A 0.179 D_B 0.175 | gG 17.67 gD 5.63 | nonfinite 0 | lr 2.00e-04 | 20.4 img/s
2026-10-03 08:18:33,652 | ep  25 it  1000 step   43216 | G 3.489 advAB 0.452 advBA 0.439 cycA 0.082 cycB 0.099 idtA 0.073 idtB 0.085 | D_A 0.186 D_B 0.177 | gG 16.62 gD 5.50 | nonfinite 0 | lr 2.00e-04 | 20.3 img/s
2026-10-03 08:18:53,244 | ep  25 it  1100 step   43316 | G 3.759 advAB 0.469 advBA 0.471 cycA 0.088 cycB 0.108 idtA 0.081 idtB 0.091 | D_A 0.164 D_B 0.164 | gG 19.60 gD 5.06 | nonfinite 0 | lr 2.00e-04 | 20.4 img/s
2026-10-03 08:19:12,819 | ep  25 it  1200 step   43416 | G 3.473 advAB 0.442 advBA 0.444 cycA 0.080 cycB 0.100 idtA 0.071 idtB 0.086 | D_A 0.180 D_B 0.175 | gG 16.45 gD 5.75 | nonfinite 0 | lr 2.00e-04 | 20.4 img/s
2026-10-03 08:19:32,401 | ep  25 it  1300 step   43516 | G 3.416 advAB 0.464 advBA 0.448 cycA 0.079 cycB 0.095 idtA 0.070 idtB 0.083 | D_A 0.188 D_B 0.174 | gG 15.26 gD 5.94 | nonfinite 0 | lr 2.00e-04 | 20.4 img/s
2026-10-03 08:19:51,948 | ep  25 it  1400 step   43616 | G 3.500 advAB 0.445 advBA 0.433 cycA 0.081 cycB 0.102 idtA 0.070 idtB 0.089 | D_A 0.193 D_B 0.174 | gG 16.12 gD 5.42 | nonfinite 0 | lr 2.00e-04 | 20.5 img/s
2026-10-03 08:20:11,466 | ep  25 it  1500 step   43716 | G 3.605 advAB 0.474 advBA 0.434 cycA 0.082 cycB 0.107 idtA 0.071 idtB 0.089 | D_A 0.189 D_B 0.170 | gG 16.75 gD 5.37 | nonfinite 0 | lr 2.00e-04 | 20.5 img/s
2026-10-03 08:20:31,001 | ep  25 it  1600 step   43816 | G 3.642 advAB 0.477 advBA 0.456 cycA 0.084 cycB 0.102 idtA 0.085 idtB 0.086 | D_A 0.179 D_B 0.171 | gG 16.96 gD 5.34 | nonfinite 0 | lr 2.00e-04 | 20.5 img/s
2026-10-03 08:20:50,575 | ep  25 it  1700 step   43916 | G 3.667 advAB 0.450 advBA 0.447 cycA 0.087 cycB 0.104 idtA 0.085 idtB 0.088 | D_A 0.173 D_B 0.174 | gG 17.55 gD 5.30 | nonfinite 0 | lr 2.00e-04 | 20.4 img/s
2026-10-03 08:21:02,125 | ep  25 it  1759 step   43975 | G 3.537 advAB 0.472 advBA 0.426 cycA 0.082 cycB 0.100 idtA 0.075 idtB 0.089 | D_A 0.185 D_B 0.168 | gG 15.93 gD 5.44 | nonfinite 0 | lr 2.00e-04 | 20.4 img/s
2026-10-03 08:21:02,128 | == epoch 25/60 done in 5.8 min | last G 3.537 D_A 0.185 D_B 0.168 | ETA 3.36 h
2026-10-03 08:21:08,217 |    FID (held-out) B2A 98.62 | A2B 98.10 | avg 98.36  <-- new best (4s)
2026-10-03 08:21:28,789 | ep  26 it   100 step   44075 | G 3.587 advAB 0.444 advBA 0.441 cycA 0.084 cycB 0.105 idtA 0.073 idtB 0.088 | D_A 0.180 D_B 0.170 | gG 21.95 gD 5.15 | nonfinite 0 | lr 2.00e-04 | 20.4 img/s
2026-10-03 08:21:48,410 | ep  26 it   200 step   44175 | G 3.545 advAB 0.455 advBA 0.468 cycA 0.081 cycB 0.102 idtA 0.072 idtB 0.086 | D_A 0.169 D_B 0.168 | gG 16.17 gD 5.39 | nonfinite 0 | lr 2.00e-04 | 20.4 img/s
2026-10-03 08:22:08,116 | ep  26 it   300 step   44275 | G 3.512 advAB 0.448 advBA 0.429 cycA 0.083 cycB 0.102 idtA 0.071 idtB 0.087 | D_A 0.178 D_B 0.173 | gG 16.66 gD 5.45 | nonfinite 0 | lr 2.00e-04 | 20.3 img/s
2026-10-03 08:22:27,640 | ep  26 it   400 step   44375 | G 3.705 advAB 0.482 advBA 0.469 cycA 0.086 cycB 0.107 idtA 0.072 idtB 0.092 | D_A 0.179 D_B 0.166 | gG 17.87 gD 5.55 | nonfinite 0 | lr 2.00e-04 | 20.5 img/s
2026-10-03 08:22:47,262 | ep  26 it   500 step   44475 | G 3.510 advAB 0.471 advBA 0.442 cycA 0.082 cycB 0.098 idtA 0.076 idtB 0.083 | D_A 0.177 D_B 0.168 | gG 17.08 gD 5.33 | nonfinite 0 | lr 2.00e-04 | 20.4 img/s
2026-10-03 08:23:06,815 | ep  26 it   600 step   44575 | G 3.582 advAB 0.464 advBA 0.475 cycA 0.084 cycB 0.098 idtA 0.078 idtB 0.085 | D_A 0.180 D_B 0.170 | gG 17.31 gD 5.67 | nonfinite 0 | lr 2.00e-04 | 20.5 img/s
2026-10-03 08:23:26,382 | ep  26 it   700 step   44675 | G 3.652 advAB 0.458 advBA 0.457 cycA 0.083 cycB 0.107 idtA 0.074 idtB 0.093 | D_A 0.175 D_B 0.166 | gG 17.58 gD 5.42 | nonfinite 0 | lr 2.00e-04 | 20.5 img/s
2026-10-03 08:23:45,921 | ep  26 it   800 step   44775 | G 3.671 advAB 0.482 advBA 0.474 cycA 0.083 cycB 0.107 idtA 0.072 idtB 0.091 | D_A 0.174 D_B 0.166 | gG 17.27 gD 5.58 | nonfinite 0 | lr 2.00e-04 | 20.5 img/s
2026-10-03 08:24:05,446 | ep  26 it   900 step   44875 | G 3.471 advAB 0.452 advBA 0.445 cycA 0.080 cycB 0.099 idtA 0.069 idtB 0.087 | D_A 0.177 D_B 0.172 | gG 16.75 gD 5.60 | nonfinite 0 | lr 2.00e-04 | 20.5 img/s
2026-10-03 08:24:25,081 | ep  26 it  1000 step   44975 | G 3.584 advAB 0.470 advBA 0.465 cycA 0.082 cycB 0.102 idtA 0.072 idtB 0.090 | D_A 0.173 D_B 0.168 | gG 17.33 gD 5.46 | nonfinite 0 | lr 2.00e-04 | 20.4 img/s
2026-10-03 08:24:44,696 | ep  26 it  1100 step   45075 | G 3.545 advAB 0.469 advBA 0.452 cycA 0.082 cycB 0.101 idtA 0.071 idtB 0.089 | D_A 0.184 D_B 0.177 | gG 16.43 gD 5.64 | nonfinite 0 | lr 2.00e-04 | 20.4 img/s
2026-10-03 08:25:04,253 | ep  26 it  1200 step   45175 | G 3.519 advAB 0.456 advBA 0.475 cycA 0.080 cycB 0.100 idtA 0.070 idtB 0.088 | D_A 0.181 D_B 0.169 | gG 15.96 gD 5.56 | nonfinite 0 | lr 2.00e-04 | 20.5 img/s
2026-10-03 08:25:23,836 | ep  26 it  1300 step   45275 | G 3.586 advAB 0.461 advBA 0.444 cycA 0.082 cycB 0.105 idtA 0.073 idtB 0.091 | D_A 0.179 D_B 0.172 | gG 16.41 gD 5.44 | nonfinite 0 | lr 2.00e-04 | 20.4 img/s
2026-10-03 08:25:43,434 | ep  26 it  1400 step   45375 | G 3.572 advAB 0.453 advBA 0.462 cycA 0.084 cycB 0.103 idtA 0.072 idtB 0.087 | D_A 0.181 D_B 0.170 | gG 17.39 gD 5.73 | nonfinite 0 | lr 2.00e-04 | 20.4 img/s
2026-10-03 08:26:02,966 | ep  26 it  1500 step   45475 | G 3.655 advAB 0.468 advBA 0.450 cycA 0.083 cycB 0.109 idtA 0.074 idtB 0.090 | D_A 0.176 D_B 0.162 | gG 18.33 gD 5.29 | nonfinite 0 | lr 2.00e-04 | 20.5 img/s
2026-10-03 08:26:22,467 | ep  26 it  1600 step   45575 | G 3.685 advAB 0.468 advBA 0.477 cycA 0.083 cycB 0.107 idtA 0.075 idtB 0.092 | D_A 0.168 D_B 0.166 | gG 17.23 gD 5.49 | nonfinite 0 | lr 2.00e-04 | 20.5 img/s
2026-10-03 08:26:41,982 | ep  26 it  1700 step   45675 | G 3.596 advAB 0.468 advBA 0.474 cycA 0.081 cycB 0.104 idtA 0.070 idtB 0.090 | D_A 0.176 D_B 0.170 | gG 16.92 gD 5.54 | nonfinite 0 | lr 2.00e-04 | 20.5 img/s
2026-10-03 08:26:53,548 | ep  26 it  1759 step   45734 | G 3.493 advAB 0.461 advBA 0.449 cycA 0.083 cycB 0.098 idtA 0.072 idtB 0.084 | D_A 0.181 D_B 0.174 | gG 16.59 gD 5.55 | nonfinite 0 | lr 2.00e-04 | 20.4 img/s
2026-10-03 08:26:53,550 | == epoch 26/60 done in 5.7 min | last G 3.493 D_A 0.181 D_B 0.174 | ETA 3.25 h
2026-10-03 08:27:15,307 | ep  27 it   100 step   45834 | G 3.466 advAB 0.480 advBA 0.458 cycA 0.080 cycB 0.097 idtA 0.069 idtB 0.083 | D_A 0.181 D_B 0.172 | gG 15.83 gD 5.73 | nonfinite 0 | lr 2.00e-04 | 20.4 img/s
2026-10-03 08:27:34,973 | ep  27 it   200 step   45934 | G 3.457 advAB 0.454 advBA 0.443 cycA 0.081 cycB 0.098 idtA 0.070 idtB 0.084 | D_A 0.178 D_B 0.175 | gG 16.45 gD 5.45 | nonfinite 0 | lr 2.00e-04 | 20.3 img/s
2026-10-03 08:27:54,624 | ep  27 it   300 step   46034 | G 3.437 advAB 0.451 advBA 0.461 cycA 0.080 cycB 0.096 idtA 0.069 idtB 0.084 | D_A 0.173 D_B 0.172 | gG 16.25 gD 5.40 | nonfinite 0 | lr 2.00e-04 | 20.4 img/s
2026-10-03 08:28:14,149 | ep  27 it   400 step   46134 | G 3.487 advAB 0.483 advBA 0.445 cycA 0.080 cycB 0.100 idtA 0.068 idtB 0.085 | D_A 0.180 D_B 0.167 | gG 15.86 gD 5.60 | nonfinite 0 | lr 2.00e-04 | 20.5 img/s
2026-10-03 08:28:33,723 | ep  27 it   500 step   46234 | G 3.531 advAB 0.466 advBA 0.448 cycA 0.080 cycB 0.103 idtA 0.068 idtB 0.090 | D_A 0.185 D_B 0.165 | gG 16.52 gD 5.58 | nonfinite 0 | lr 2.00e-04 | 20.4 img/s
2026-10-03 08:28:53,330 | ep  27 it   600 step   46334 | G 3.396 advAB 0.458 advBA 0.430 cycA 0.079 cycB 0.097 idtA 0.065 idtB 0.084 | D_A 0.186 D_B 0.168 | gG 15.71 gD 5.66 | nonfinite 0 | lr 2.00e-04 | 20.4 img/s
2026-10-03 08:29:13,056 | ep  27 it   700 step   46434 | G 3.415 advAB 0.458 advBA 0.433 cycA 0.080 cycB 0.098 idtA 0.067 idtB 0.084 | D_A 0.184 D_B 0.175 | gG 15.64 gD 5.54 | nonfinite 0 | lr 2.00e-04 | 20.3 img/s
2026-10-03 08:29:32,697 | ep  27 it   800 step   46534 | G 3.501 advAB 0.482 advBA 0.445 cycA 0.080 cycB 0.100 idtA 0.068 idtB 0.086 | D_A 0.181 D_B 0.168 | gG 16.47 gD 5.52 | nonfinite 0 | lr 2.00e-04 | 20.4 img/s
2026-10-03 08:29:52,178 | ep  27 it   900 step   46634 | G 3.669 advAB 0.466 advBA 0.469 cycA 0.085 cycB 0.106 idtA 0.076 idtB 0.088 | D_A 0.174 D_B 0.164 | gG 18.25 gD 5.55 | nonfinite 0 | lr 2.00e-04 | 20.5 img/s
2026-10-03 08:30:11,777 | ep  27 it  1000 step   46734 | G 3.776 advAB 0.490 advBA 0.457 cycA 0.087 cycB 0.111 idtA 0.077 idtB 0.092 | D_A 0.175 D_B 0.158 | gG 19.44 gD 5.72 | nonfinite 0 | lr 2.00e-04 | 20.4 img/s
2026-10-03 08:30:31,334 | ep  27 it  1100 step   46834 | G 3.588 advAB 0.487 advBA 0.467 cycA 0.083 cycB 0.101 idtA 0.071 idtB 0.088 | D_A 0.172 D_B 0.160 | gG 16.65 gD 5.53 | nonfinite 0 | lr 2.00e-04 | 20.5 img/s
2026-10-03 08:30:50,898 | ep  27 it  1200 step   46934 | G 3.534 advAB 0.487 advBA 0.499 cycA 0.083 cycB 0.096 idtA 0.072 idtB 0.081 | D_A 0.171 D_B 0.163 | gG 17.65 gD 5.47 | nonfinite 0 | lr 2.00e-04 | 20.5 img/s
2026-10-03 08:31:10,492 | ep  27 it  1300 step   47034 | G 3.511 advAB 0.468 advBA 0.442 cycA 0.080 cycB 0.102 idtA 0.070 idtB 0.087 | D_A 0.181 D_B 0.163 | gG 16.86 gD 5.63 | nonfinite 0 | lr 2.00e-04 | 20.4 img/s
2026-10-03 08:31:30,229 | ep  27 it  1400 step   47134 | G 3.604 advAB 0.464 advBA 0.458 cycA 0.081 cycB 0.107 idtA 0.070 idtB 0.091 | D_A 0.179 D_B 0.170 | gG 16.39 gD 5.52 | nonfinite 0 | lr 2.00e-04 | 20.3 img/s
2026-10-03 08:31:49,908 | ep  27 it  1500 step   47234 | G 3.570 advAB 0.470 advBA 0.474 cycA 0.081 cycB 0.101 idtA 0.074 idtB 0.087 | D_A 0.168 D_B 0.165 | gG 16.58 gD 5.43 | nonfinite 0 | lr 2.00e-04 | 20.3 img/s
2026-10-03 08:32:09,619 | ep  27 it  1600 step   47334 | G 3.636 advAB 0.483 advBA 0.453 cycA 0.083 cycB 0.106 idtA 0.074 idtB 0.089 | D_A 0.177 D_B 0.166 | gG 17.97 gD 5.54 | nonfinite 0 | lr 2.00e-04 | 20.3 img/s
2026-10-03 08:32:29,334 | ep  27 it  1700 step   47434 | G 3.596 advAB 0.460 advBA 0.467 cycA 0.080 cycB 0.107 idtA 0.068 idtB 0.091 | D_A 0.178 D_B 0.168 | gG 17.83 gD 5.60 | nonfinite 0 | lr 2.00e-04 | 20.3 img/s
2026-10-03 08:32:40,970 | ep  27 it  1759 step   47493 | G 3.463 advAB 0.468 advBA 0.429 cycA 0.080 cycB 0.100 idtA 0.070 idtB 0.083 | D_A 0.192 D_B 0.164 | gG 16.08 gD 5.55 | nonfinite 0 | lr 2.00e-04 | 20.3 img/s
2026-10-03 08:32:40,972 | == epoch 27/60 done in 5.8 min | last G 3.463 D_A 0.192 D_B 0.164 | ETA 3.17 h
2026-10-03 08:33:03,482 | ep  28 it   100 step   47593 | G 3.816 advAB 0.483 advBA 0.502 cycA 0.088 cycB 0.110 idtA 0.079 idtB 0.091 | D_A 0.161 D_B 0.161 | gG 20.33 gD 5.41 | nonfinite 0 | lr 2.00e-04 | 20.3 img/s
2026-10-03 08:33:23,344 | ep  28 it   200 step   47693 | G 3.592 advAB 0.477 advBA 0.479 cycA 0.083 cycB 0.102 idtA 0.070 idtB 0.087 | D_A 0.166 D_B 0.166 | gG 17.35 gD 5.50 | nonfinite 0 | lr 2.00e-04 | 20.1 img/s
2026-10-03 08:33:43,172 | ep  28 it   300 step   47793 | G 3.538 advAB 0.500 advBA 0.458 cycA 0.081 cycB 0.101 idtA 0.068 idtB 0.086 | D_A 0.163 D_B 0.162 | gG 16.59 gD 5.50 | nonfinite 0 | lr 2.00e-04 | 20.2 img/s
2026-10-03 08:34:03,093 | ep  28 it   400 step   47893 | G 3.562 advAB 0.468 advBA 0.472 cycA 0.083 cycB 0.101 idtA 0.070 idtB 0.086 | D_A 0.173 D_B 0.168 | gG 18.16 gD 5.61 | nonfinite 0 | lr 2.00e-04 | 20.1 img/s
2026-10-03 08:34:23,128 | ep  28 it   500 step   47993 | G 3.549 advAB 0.491 advBA 0.444 cycA 0.081 cycB 0.103 idtA 0.068 idtB 0.087 | D_A 0.176 D_B 0.161 | gG 17.08 gD 5.56 | nonfinite 0 | lr 2.00e-04 | 20.0 img/s
2026-10-03 08:34:43,107 | ep  28 it   600 step   48093 | G 3.436 advAB 0.466 advBA 0.459 cycA 0.079 cycB 0.097 idtA 0.067 idtB 0.084 | D_A 0.172 D_B 0.169 | gG 15.72 gD 5.64 | nonfinite 0 | lr 2.00e-04 | 20.0 img/s
2026-10-03 08:35:02,970 | ep  28 it   700 step   48193 | G 3.488 advAB 0.470 advBA 0.441 cycA 0.081 cycB 0.100 idtA 0.066 idtB 0.087 | D_A 0.179 D_B 0.165 | gG 16.65 gD 5.58 | nonfinite 0 | lr 2.00e-04 | 20.1 img/s
2026-10-03 08:35:22,948 | ep  28 it   800 step   48293 | G 3.461 advAB 0.473 advBA 0.441 cycA 0.079 cycB 0.100 idtA 0.066 idtB 0.085 | D_A 0.178 D_B 0.166 | gG 16.51 gD 5.81 | nonfinite 0 | lr 2.00e-04 | 20.0 img/s
2026-10-03 08:35:42,903 | ep  28 it   900 step   48393 | G 3.450 advAB 0.468 advBA 0.459 cycA 0.077 cycB 0.100 idtA 0.065 idtB 0.085 | D_A 0.183 D_B 0.167 | gG 15.15 gD 5.74 | nonfinite 0 | lr 2.00e-04 | 20.1 img/s
2026-10-03 08:36:02,841 | ep  28 it  1000 step   48493 | G 3.453 advAB 0.471 advBA 0.463 cycA 0.080 cycB 0.097 idtA 0.067 idtB 0.082 | D_A 0.166 D_B 0.172 | gG 16.80 gD 5.71 | nonfinite 0 | lr 2.00e-04 | 20.1 img/s
2026-10-03 08:36:22,733 | ep  28 it  1100 step   48593 | G 3.589 advAB 0.489 advBA 0.485 cycA 0.083 cycB 0.101 idtA 0.070 idtB 0.084 | D_A 0.167 D_B 0.162 | gG 18.05 gD 5.46 | nonfinite 0 | lr 2.00e-04 | 20.1 img/s
2026-10-03 08:36:42,782 | ep  28 it  1200 step   48693 | G 3.558 advAB 0.460 advBA 0.469 cycA 0.080 cycB 0.105 idtA 0.069 idtB 0.087 | D_A 0.177 D_B 0.169 | gG 17.11 gD 5.78 | nonfinite 0 | lr 2.00e-04 | 20.0 img/s
2026-10-03 08:37:02,740 | ep  28 it  1300 step   48793 | G 3.467 advAB 0.486 advBA 0.469 cycA 0.079 cycB 0.098 idtA 0.067 idtB 0.082 | D_A 0.173 D_B 0.156 | gG 16.02 gD 5.84 | nonfinite 0 | lr 2.00e-04 | 20.1 img/s
2026-10-03 08:37:22,741 | ep  28 it  1400 step   48893 | G 3.498 advAB 0.477 advBA 0.430 cycA 0.080 cycB 0.102 idtA 0.066 idtB 0.088 | D_A 0.183 D_B 0.168 | gG 15.89 gD 5.68 | nonfinite 0 | lr 2.00e-04 | 20.0 img/s
2026-10-03 08:37:42,639 | ep  28 it  1500 step   48993 | G 4.521 advAB 0.520 advBA 0.599 cycA 0.110 cycB 0.128 idtA 0.107 idtB 0.098 | D_A 0.123 D_B 0.147 | gG 26.02 gD 5.29 | nonfinite 0 | lr 2.00e-04 | 20.1 img/s
2026-10-03 08:38:02,615 | ep  28 it  1600 step   49093 | G 3.902 advAB 0.501 advBA 0.558 cycA 0.089 cycB 0.108 idtA 0.082 idtB 0.092 | D_A 0.141 D_B 0.156 | gG 17.96 gD 5.78 | nonfinite 0 | lr 2.00e-04 | 20.0 img/s
2026-10-03 08:38:22,486 | ep  28 it  1700 step   49193 | G 3.778 advAB 0.488 advBA 0.524 cycA 0.085 cycB 0.107 idtA 0.079 idtB 0.091 | D_A 0.148 D_B 0.165 | gG 18.02 gD 5.73 | nonfinite 0 | lr 2.00e-04 | 20.1 img/s
2026-10-03 08:38:34,244 | ep  28 it  1759 step   49252 | G 3.604 advAB 0.465 advBA 0.502 cycA 0.081 cycB 0.103 idtA 0.073 idtB 0.085 | D_A 0.149 D_B 0.159 | gG 17.05 gD 5.50 | nonfinite 0 | lr 2.00e-04 | 20.1 img/s
2026-10-03 08:38:34,246 | == epoch 28/60 done in 5.9 min | last G 3.604 D_A 0.149 D_B 0.159 | ETA 3.13 h
2026-10-03 08:38:55,943 | ep  29 it   100 step   49352 | G 3.572 advAB 0.488 advBA 0.510 cycA 0.081 cycB 0.099 idtA 0.070 idtB 0.083 | D_A 0.159 D_B 0.167 | gG 17.30 gD 5.81 | nonfinite 0 | lr 2.00e-04 | 20.0 img/s
2026-10-03 08:39:16,010 | ep  29 it   200 step   49452 | G 3.615 advAB 0.490 advBA 0.501 cycA 0.082 cycB 0.102 idtA 0.070 idtB 0.085 | D_A 0.165 D_B 0.162 | gG 17.52 gD 5.66 | nonfinite 0 | lr 2.00e-04 | 19.9 img/s
2026-10-03 08:39:35,952 | ep  29 it   300 step   49552 | G 3.658 advAB 0.484 advBA 0.488 cycA 0.083 cycB 0.105 idtA 0.075 idtB 0.086 | D_A 0.161 D_B 0.163 | gG 17.32 gD 5.59 | nonfinite 0 | lr 2.00e-04 | 20.1 img/s
2026-10-03 08:39:55,883 | ep  29 it   400 step   49652 | G 3.493 advAB 0.481 advBA 0.488 cycA 0.081 cycB 0.096 idtA 0.070 idtB 0.081 | D_A 0.168 D_B 0.163 | gG 17.27 gD 5.82 | nonfinite 0 | lr 2.00e-04 | 20.1 img/s
2026-10-03 08:40:15,849 | ep  29 it   500 step   49752 | G 3.570 advAB 0.492 advBA 0.474 cycA 0.080 cycB 0.102 idtA 0.069 idtB 0.087 | D_A 0.165 D_B 0.160 | gG 17.18 gD 5.66 | nonfinite 0 | lr 2.00e-04 | 20.0 img/s
2026-10-03 08:40:35,769 | ep  29 it   600 step   49852 | G 3.561 advAB 0.483 advBA 0.497 cycA 0.079 cycB 0.102 idtA 0.068 idtB 0.086 | D_A 0.162 D_B 0.167 | gG 16.25 gD 5.66 | nonfinite 0 | lr 2.00e-04 | 20.1 img/s
2026-10-03 08:40:55,674 | ep  29 it   700 step   49952 | G 3.571 advAB 0.466 advBA 0.465 cycA 0.081 cycB 0.104 idtA 0.068 idtB 0.089 | D_A 0.178 D_B 0.167 | gG 16.23 gD 5.94 | nonfinite 0 | lr 2.00e-04 | 20.1 img/s
2026-10-03 08:41:15,626 | ep  29 it   800 step   50052 | G 3.415 advAB 0.469 advBA 0.467 cycA 0.078 cycB 0.096 idtA 0.066 idtB 0.082 | D_A 0.171 D_B 0.172 | gG 17.13 gD 5.95 | nonfinite 0 | lr 2.00e-04 | 20.1 img/s
2026-10-03 08:41:35,560 | ep  29 it   900 step   50152 | G 3.641 advAB 0.487 advBA 0.485 cycA 0.083 cycB 0.104 idtA 0.074 idtB 0.085 | D_A 0.159 D_B 0.154 | gG 17.43 gD 5.30 | nonfinite 0 | lr 2.00e-04 | 20.1 img/s
2026-10-03 08:41:55,456 | ep  29 it  1000 step   50252 | G 3.674 advAB 0.473 advBA 0.490 cycA 0.085 cycB 0.104 idtA 0.078 idtB 0.086 | D_A 0.166 D_B 0.172 | gG 20.62 gD 6.02 | nonfinite 0 | lr 2.00e-04 | 20.1 img/s
2026-10-03 08:42:15,304 | ep  29 it  1100 step   50352 | G 3.509 advAB 0.471 advBA 0.496 cycA 0.080 cycB 0.098 idtA 0.069 idtB 0.084 | D_A 0.167 D_B 0.171 | gG 15.62 gD 6.06 | nonfinite 0 | lr 2.00e-04 | 20.2 img/s
2026-10-03 08:42:35,268 | ep  29 it  1200 step   50452 | G 3.730 advAB 0.492 advBA 0.515 cycA 0.083 cycB 0.108 idtA 0.075 idtB 0.087 | D_A 0.155 D_B 0.153 | gG 17.96 gD 5.25 | nonfinite 0 | lr 2.00e-04 | 20.0 img/s
2026-10-03 08:42:55,213 | ep  29 it  1300 step   50552 | G 3.611 advAB 0.482 advBA 0.483 cycA 0.081 cycB 0.104 idtA 0.069 idtB 0.089 | D_A 0.166 D_B 0.170 | gG 17.42 gD 5.91 | nonfinite 0 | lr 2.00e-04 | 20.1 img/s
2026-10-03 08:43:15,118 | ep  29 it  1400 step   50652 | G 3.642 advAB 0.481 advBA 0.493 cycA 0.082 cycB 0.103 idtA 0.078 idtB 0.085 | D_A 0.162 D_B 0.164 | gG 16.93 gD 5.57 | nonfinite 0 | lr 2.00e-04 | 20.1 img/s
2026-10-03 08:43:35,085 | ep  29 it  1500 step   50752 | G 3.740 advAB 0.488 advBA 0.491 cycA 0.083 cycB 0.111 idtA 0.072 idtB 0.092 | D_A 0.157 D_B 0.160 | gG 19.28 gD 5.47 | nonfinite 0 | lr 2.00e-04 | 20.0 img/s
2026-10-03 08:43:54,981 | ep  29 it  1600 step   50852 | G 3.612 advAB 0.486 advBA 0.501 cycA 0.081 cycB 0.103 idtA 0.068 idtB 0.087 | D_A 0.160 D_B 0.167 | gG 17.56 gD 5.68 | nonfinite 0 | lr 2.00e-04 | 20.1 img/s
2026-10-03 08:44:14,938 | ep  29 it  1700 step   50952 | G 3.584 advAB 0.469 advBA 0.500 cycA 0.081 cycB 0.103 idtA 0.069 idtB 0.087 | D_A 0.159 D_B 0.164 | gG 17.33 gD 5.72 | nonfinite 0 | lr 2.00e-04 | 20.1 img/s
2026-10-03 08:44:26,685 | ep  29 it  1759 step   51011 | G 3.638 advAB 0.482 advBA 0.491 cycA 0.083 cycB 0.106 idtA 0.072 idtB 0.084 | D_A 0.173 D_B 0.163 | gG 18.85 gD 5.87 | nonfinite 0 | lr 2.00e-04 | 20.1 img/s
2026-10-03 08:44:26,688 | == epoch 29/60 done in 5.8 min | last G 3.638 D_A 0.173 D_B 0.163 | ETA 3.02 h
2026-10-03 08:44:51,389 | ep  30 it   100 step   51111 | G 3.464 advAB 0.482 advBA 0.470 cycA 0.080 cycB 0.098 idtA 0.069 idtB 0.077 | D_A 0.161 D_B 0.169 | gG 17.25 gD 5.91 | nonfinite 0 | lr 2.00e-04 | 20.0 img/s
2026-10-03 08:45:11,153 | ep  30 it   200 step   51211 | G 3.613 advAB 0.488 advBA 0.515 cycA 0.082 cycB 0.101 idtA 0.072 idtB 0.085 | D_A 0.160 D_B 0.161 | gG 18.90 gD 5.74 | nonfinite 0 | lr 2.00e-04 | 20.3 img/s
2026-10-03 08:45:30,790 | ep  30 it   300 step   51311 | G 3.609 advAB 0.478 advBA 0.536 cycA 0.083 cycB 0.100 idtA 0.072 idtB 0.082 | D_A 0.142 D_B 0.163 | gG 15.91 gD 5.48 | nonfinite 0 | lr 2.00e-04 | 20.4 img/s
2026-10-03 08:45:50,353 | ep  30 it   400 step   51411 | G 3.474 advAB 0.468 advBA 0.515 cycA 0.079 cycB 0.095 idtA 0.067 idtB 0.081 | D_A 0.157 D_B 0.162 | gG 15.49 gD 5.77 | nonfinite 0 | lr 2.00e-04 | 20.5 img/s
2026-10-03 08:46:09,938 | ep  30 it   500 step   51511 | G 3.546 advAB 0.496 advBA 0.507 cycA 0.080 cycB 0.099 idtA 0.067 idtB 0.083 | D_A 0.160 D_B 0.160 | gG 16.43 gD 5.69 | nonfinite 0 | lr 2.00e-04 | 20.4 img/s
2026-10-03 08:46:29,550 | ep  30 it   600 step   51611 | G 3.876 advAB 0.493 advBA 0.528 cycA 0.090 cycB 0.104 idtA 0.097 idtB 0.086 | D_A 0.158 D_B 0.165 | gG 19.02 gD 5.68 | nonfinite 0 | lr 2.00e-04 | 20.4 img/s
2026-10-03 08:46:49,157 | ep  30 it   700 step   51711 | G 3.678 advAB 0.499 advBA 0.488 cycA 0.084 cycB 0.103 idtA 0.079 idtB 0.086 | D_A 0.156 D_B 0.153 | gG 16.89 gD 5.38 | nonfinite 0 | lr 2.00e-04 | 20.4 img/s
2026-10-03 08:47:08,761 | ep  30 it   800 step   51811 | G 3.568 advAB 0.472 advBA 0.502 cycA 0.082 cycB 0.100 idtA 0.072 idtB 0.083 | D_A 0.160 D_B 0.164 | gG 17.47 gD 5.75 | nonfinite 0 | lr 2.00e-04 | 20.4 img/s
2026-10-03 08:47:28,494 | ep  30 it   900 step   51911 | G 3.569 advAB 0.469 advBA 0.513 cycA 0.082 cycB 0.100 idtA 0.072 idtB 0.083 | D_A 0.160 D_B 0.172 | gG 17.00 gD 5.98 | nonfinite 0 | lr 2.00e-04 | 20.3 img/s
2026-10-03 08:47:48,219 | ep  30 it  1000 step   52011 | G 3.769 advAB 0.486 advBA 0.514 cycA 0.086 cycB 0.108 idtA 0.078 idtB 0.086 | D_A 0.162 D_B 0.162 | gG 20.28 gD 5.54 | nonfinite 0 | lr 2.00e-04 | 20.3 img/s
2026-10-03 08:48:07,954 | ep  30 it  1100 step   52111 | G 3.582 advAB 0.474 advBA 0.524 cycA 0.080 cycB 0.100 idtA 0.073 idtB 0.083 | D_A 0.155 D_B 0.162 | gG 16.19 gD 5.60 | nonfinite 0 | lr 2.00e-04 | 20.3 img/s
2026-10-03 08:48:27,616 | ep  30 it  1200 step   52211 | G 3.430 advAB 0.468 advBA 0.488 cycA 0.078 cycB 0.095 idtA 0.067 idtB 0.082 | D_A 0.170 D_B 0.173 | gG 15.69 gD 5.88 | nonfinite 0 | lr 2.00e-04 | 20.4 img/s
2026-10-03 08:48:47,228 | ep  30 it  1300 step   52311 | G 3.680 advAB 0.492 advBA 0.499 cycA 0.082 cycB 0.106 idtA 0.073 idtB 0.088 | D_A 0.164 D_B 0.157 | gG 18.44 gD 5.50 | nonfinite 0 | lr 2.00e-04 | 20.4 img/s
2026-10-03 08:49:06,873 | ep  30 it  1400 step   52411 | G 3.626 advAB 0.476 advBA 0.506 cycA 0.081 cycB 0.105 idtA 0.069 idtB 0.088 | D_A 0.162 D_B 0.170 | gG 17.21 gD 5.69 | nonfinite 0 | lr 2.00e-04 | 20.4 img/s
2026-10-03 08:49:26,526 | ep  30 it  1500 step   52511 | G 3.475 advAB 0.476 advBA 0.471 cycA 0.080 cycB 0.099 idtA 0.066 idtB 0.083 | D_A 0.170 D_B 0.161 | gG 16.04 gD 5.72 | nonfinite 0 | lr 2.00e-04 | 20.4 img/s
2026-10-03 08:49:46,179 | ep  30 it  1600 step   52611 | G 3.565 advAB 0.476 advBA 0.482 cycA 0.081 cycB 0.102 idtA 0.070 idtB 0.084 | D_A 0.161 D_B 0.168 | gG 18.05 gD 5.48 | nonfinite 0 | lr 2.00e-04 | 20.4 img/s
2026-10-03 08:50:05,870 | ep  30 it  1700 step   52711 | G 3.503 advAB 0.485 advBA 0.486 cycA 0.078 cycB 0.101 idtA 0.065 idtB 0.084 | D_A 0.158 D_B 0.159 | gG 15.75 gD 5.38 | nonfinite 0 | lr 2.00e-04 | 20.3 img/s
2026-10-03 08:50:17,412 | ep  30 it  1759 step   52770 | G 3.506 advAB 0.467 advBA 0.479 cycA 0.080 cycB 0.100 idtA 0.068 idtB 0.084 | D_A 0.169 D_B 0.168 | gG 17.96 gD 5.64 | nonfinite 0 | lr 2.00e-04 | 20.5 img/s
2026-10-03 08:50:17,415 | == epoch 30/60 done in 5.8 min | last G 3.506 D_A 0.169 D_B 0.168 | ETA 2.91 h
2026-10-03 08:50:23,567 |    FID (held-out) B2A 96.17 | A2B 94.21 | avg 95.19  <-- new best (4s)
2026-10-03 08:50:44,691 | ep  31 it   100 step   52870 | G 3.527 advAB 0.471 advBA 0.503 cycA 0.081 cycB 0.099 idtA 0.070 idtB 0.082 | D_A 0.157 D_B 0.172 | gG 16.86 gD 5.70 | nonfinite 0 | lr 2.00e-04 | 20.2 img/s
2026-10-03 08:51:04,343 | ep  31 it   200 step   52970 | G 3.536 advAB 0.483 advBA 0.503 cycA 0.079 cycB 0.100 idtA 0.067 idtB 0.085 | D_A 0.154 D_B 0.168 | gG 16.78 gD 5.77 | nonfinite 0 | lr 2.00e-04 | 20.4 img/s
2026-10-03 08:51:24,078 | ep  31 it   300 step   53070 | G 3.532 advAB 0.492 advBA 0.494 cycA 0.079 cycB 0.100 idtA 0.066 idtB 0.085 | D_A 0.157 D_B 0.159 | gG 16.90 gD 5.62 | nonfinite 0 | lr 2.00e-04 | 20.3 img/s
2026-10-03 08:51:43,725 | ep  31 it   400 step   53170 | G 3.568 advAB 0.476 advBA 0.530 cycA 0.080 cycB 0.102 idtA 0.068 idtB 0.081 | D_A 0.158 D_B 0.165 | gG 17.82 gD 5.37 | nonfinite 0 | lr 2.00e-04 | 20.4 img/s
2026-10-03 08:52:03,351 | ep  31 it   500 step   53270 | G 3.556 advAB 0.485 advBA 0.511 cycA 0.079 cycB 0.102 idtA 0.066 idtB 0.085 | D_A 0.166 D_B 0.155 | gG 16.79 gD 5.69 | nonfinite 0 | lr 2.00e-04 | 20.4 img/s
2026-10-03 08:52:22,997 | ep  31 it   600 step   53370 | G 3.847 advAB 0.502 advBA 0.533 cycA 0.087 cycB 0.111 idtA 0.078 idtB 0.089 | D_A 0.143 D_B 0.169 | gG 21.31 gD 5.94 | nonfinite 0 | lr 2.00e-04 | 20.4 img/s
2026-10-03 08:52:42,596 | ep  31 it   700 step   53470 | G 3.726 advAB 0.492 advBA 0.529 cycA 0.086 cycB 0.104 idtA 0.075 idtB 0.085 | D_A 0.153 D_B 0.156 | gG 18.87 gD 5.59 | nonfinite 0 | lr 2.00e-04 | 20.4 img/s
2026-10-03 08:53:02,218 | ep  31 it   800 step   53570 | G 3.754 advAB 0.477 advBA 0.512 cycA 0.087 cycB 0.109 idtA 0.076 idtB 0.085 | D_A 0.144 D_B 0.161 | gG 19.60 gD 5.49 | nonfinite 0 | lr 2.00e-04 | 20.4 img/s
2026-10-03 08:53:21,822 | ep  31 it   900 step   53670 | G 3.601 advAB 0.496 advBA 0.523 cycA 0.080 cycB 0.102 idtA 0.068 idtB 0.084 | D_A 0.155 D_B 0.158 | gG 17.46 gD 5.60 | nonfinite 0 | lr 2.00e-04 | 20.4 img/s
2026-10-03 08:53:41,443 | ep  31 it  1000 step   53770 | G 3.594 advAB 0.492 advBA 0.502 cycA 0.079 cycB 0.104 idtA 0.067 idtB 0.086 | D_A 0.155 D_B 0.171 | gG 17.49 gD 5.80 | nonfinite 0 | lr 2.00e-04 | 20.4 img/s
2026-10-03 08:54:01,081 | ep  31 it  1100 step   53870 | G 3.641 advAB 0.484 advBA 0.520 cycA 0.083 cycB 0.104 idtA 0.069 idtB 0.085 | D_A 0.149 D_B 0.159 | gG 17.02 gD 5.53 | nonfinite 0 | lr 2.00e-04 | 20.4 img/s
2026-10-03 08:54:20,663 | ep  31 it  1200 step   53970 | G 3.568 advAB 0.490 advBA 0.513 cycA 0.081 cycB 0.100 idtA 0.068 idtB 0.082 | D_A 0.150 D_B 0.164 | gG 16.38 gD 5.90 | nonfinite 0 | lr 2.00e-04 | 20.4 img/s
2026-10-03 08:54:40,244 | ep  31 it  1300 step   54070 | G 3.633 advAB 0.483 advBA 0.519 cycA 0.082 cycB 0.104 idtA 0.068 idtB 0.086 | D_A 0.154 D_B 0.158 | gG 18.30 gD 5.54 | nonfinite 0 | lr 2.00e-04 | 20.4 img/s
2026-10-03 08:54:59,806 | ep  31 it  1400 step   54170 | G 3.690 advAB 0.501 advBA 0.542 cycA 0.082 cycB 0.105 idtA 0.073 idtB 0.082 | D_A 0.148 D_B 0.157 | gG 19.89 gD 5.66 | nonfinite 0 | lr 2.00e-04 | 20.5 img/s
2026-10-03 08:55:19,382 | ep  31 it  1500 step   54270 | G 3.697 advAB 0.495 advBA 0.533 cycA 0.084 cycB 0.103 idtA 0.074 idtB 0.086 | D_A 0.148 D_B 0.165 | gG 17.48 gD 5.64 | nonfinite 0 | lr 2.00e-04 | 20.4 img/s
2026-10-03 08:55:38,989 | ep  31 it  1600 step   54370 | G 3.551 advAB 0.474 advBA 0.525 cycA 0.081 cycB 0.098 idtA 0.069 idtB 0.083 | D_A 0.154 D_B 0.164 | gG 16.79 gD 5.69 | nonfinite 0 | lr 2.00e-04 | 20.4 img/s
2026-10-03 08:55:58,683 | ep  31 it  1700 step   54470 | G 3.736 advAB 0.477 advBA 0.535 cycA 0.085 cycB 0.106 idtA 0.077 idtB 0.086 | D_A 0.150 D_B 0.165 | gG 19.04 gD 5.73 | nonfinite 0 | lr 2.00e-04 | 20.3 img/s
2026-10-03 08:56:10,381 | ep  31 it  1759 step   54529 | G 3.623 advAB 0.474 advBA 0.511 cycA 0.082 cycB 0.104 idtA 0.069 idtB 0.085 | D_A 0.138 D_B 0.160 | gG 16.49 gD 5.31 | nonfinite 0 | lr 2.00e-04 | 20.2 img/s
2026-10-03 08:56:10,384 | == epoch 31/60 done in 5.8 min | last G 3.623 D_A 0.138 D_B 0.160 | ETA 2.78 h
2026-10-03 08:56:32,864 | ep  32 it   100 step   54629 | G 3.603 advAB 0.486 advBA 0.537 cycA 0.080 cycB 0.101 idtA 0.070 idtB 0.082 | D_A 0.140 D_B 0.161 | gG 18.13 gD 5.67 | nonfinite 0 | lr 1.93e-04 | 20.2 img/s
2026-10-03 08:56:52,664 | ep  32 it   200 step   54729 | G 3.877 advAB 0.498 advBA 0.577 cycA 0.086 cycB 0.109 idtA 0.082 idtB 0.088 | D_A 0.136 D_B 0.157 | gG 19.85 gD 5.62 | nonfinite 0 | lr 1.93e-04 | 20.2 img/s
2026-10-03 08:57:12,310 | ep  32 it   300 step   54829 | G 3.782 advAB 0.503 advBA 0.555 cycA 0.085 cycB 0.103 idtA 0.085 idtB 0.084 | D_A 0.138 D_B 0.158 | gG 18.19 gD 5.54 | nonfinite 0 | lr 1.93e-04 | 20.4 img/s
2026-10-03 08:57:32,051 | ep  32 it   400 step   54929 | G 3.711 advAB 0.500 advBA 0.560 cycA 0.084 cycB 0.103 idtA 0.074 idtB 0.081 | D_A 0.130 D_B 0.161 | gG 17.64 gD 5.39 | nonfinite 0 | lr 1.93e-04 | 20.3 img/s
2026-10-03 08:57:51,826 | ep  32 it   500 step   55029 | G 3.644 advAB 0.508 advBA 0.564 cycA 0.082 cycB 0.100 idtA 0.070 idtB 0.080 | D_A 0.133 D_B 0.156 | gG 17.16 gD 5.71 | nonfinite 0 | lr 1.93e-04 | 20.2 img/s
2026-10-03 08:58:11,503 | ep  32 it   600 step   55129 | G 3.553 advAB 0.487 advBA 0.530 cycA 0.080 cycB 0.098 idtA 0.068 idtB 0.083 | D_A 0.148 D_B 0.160 | gG 16.66 gD 5.50 | nonfinite 0 | lr 1.93e-04 | 20.3 img/s
2026-10-03 08:58:31,162 | ep  32 it   700 step   55229 | G 3.521 advAB 0.465 advBA 0.537 cycA 0.079 cycB 0.098 idtA 0.067 idtB 0.083 | D_A 0.152 D_B 0.167 | gG 17.18 gD 5.60 | nonfinite 0 | lr 1.93e-04 | 20.4 img/s
2026-10-03 08:58:50,770 | ep  32 it   800 step   55329 | G 3.642 advAB 0.460 advBA 0.550 cycA 0.082 cycB 0.104 idtA 0.071 idtB 0.084 | D_A 0.139 D_B 0.163 | gG 16.63 gD 5.46 | nonfinite 0 | lr 1.93e-04 | 20.4 img/s
2026-10-03 08:59:10,376 | ep  32 it   900 step   55429 | G 3.649 advAB 0.481 advBA 0.581 cycA 0.081 cycB 0.100 idtA 0.071 idtB 0.083 | D_A 0.142 D_B 0.162 | gG 18.36 gD 5.63 | nonfinite 0 | lr 1.93e-04 | 20.4 img/s
2026-10-03 08:59:29,969 | ep  32 it  1000 step   55529 | G 3.533 advAB 0.495 advBA 0.542 cycA 0.079 cycB 0.098 idtA 0.067 idtB 0.079 | D_A 0.145 D_B 0.172 | gG 17.58 gD 5.97 | nonfinite 0 | lr 1.93e-04 | 20.4 img/s
2026-10-03 08:59:49,604 | ep  32 it  1100 step   55629 | G 3.545 advAB 0.482 advBA 0.537 cycA 0.079 cycB 0.099 idtA 0.067 idtB 0.083 | D_A 0.146 D_B 0.163 | gG 17.12 gD 5.67 | nonfinite 0 | lr 1.93e-04 | 20.4 img/s
2026-10-03 09:00:09,336 | ep  32 it  1200 step   55729 | G 3.560 advAB 0.485 advBA 0.541 cycA 0.079 cycB 0.100 idtA 0.065 idtB 0.084 | D_A 0.145 D_B 0.168 | gG 17.12 gD 5.62 | nonfinite 0 | lr 1.93e-04 | 20.3 img/s
2026-10-03 09:00:29,245 | ep  32 it  1300 step   55829 | G 3.527 advAB 0.480 advBA 0.539 cycA 0.078 cycB 0.100 idtA 0.064 idtB 0.081 | D_A 0.144 D_B 0.159 | gG 15.70 gD 5.42 | nonfinite 0 | lr 1.93e-04 | 20.1 img/s
2026-10-03 09:00:49,150 | ep  32 it  1400 step   55929 | G 4.017 advAB 0.491 advBA 0.559 cycA 0.091 cycB 0.121 idtA 0.077 idtB 0.091 | D_A 0.147 D_B 0.169 | gG 21.86 gD 6.03 | nonfinite 0 | lr 1.93e-04 | 20.1 img/s
2026-10-03 09:01:09,050 | ep  32 it  1500 step   56029 | G 3.818 advAB 0.503 advBA 0.575 cycA 0.085 cycB 0.107 idtA 0.074 idtB 0.091 | D_A 0.136 D_B 0.155 | gG 18.45 gD 5.67 | nonfinite 0 | lr 1.93e-04 | 20.1 img/s
2026-10-03 09:01:29,038 | ep  32 it  1600 step   56129 | G 3.565 advAB 0.509 advBA 0.549 cycA 0.078 cycB 0.098 idtA 0.067 idtB 0.083 | D_A 0.143 D_B 0.148 | gG 16.70 gD 5.48 | nonfinite 0 | lr 1.93e-04 | 20.0 img/s
2026-10-03 09:01:49,019 | ep  32 it  1700 step   56229 | G 3.576 advAB 0.487 advBA 0.559 cycA 0.079 cycB 0.098 idtA 0.065 idtB 0.085 | D_A 0.144 D_B 0.165 | gG 17.56 gD 5.85 | nonfinite 0 | lr 1.93e-04 | 20.0 img/s
2026-10-03 09:02:00,758 | ep  32 it  1759 step   56288 | G 3.489 advAB 0.493 advBA 0.545 cycA 0.078 cycB 0.095 idtA 0.065 idtB 0.078 | D_A 0.144 D_B 0.151 | gG 15.72 gD 5.28 | nonfinite 0 | lr 1.93e-04 | 20.1 img/s
2026-10-03 09:02:00,761 | == epoch 32/60 done in 5.8 min | last G 3.489 D_A 0.144 D_B 0.151 | ETA 2.71 h
2026-10-03 09:02:23,500 | ep  33 it   100 step   56388 | G 3.475 advAB 0.476 advBA 0.552 cycA 0.077 cycB 0.096 idtA 0.063 idtB 0.081 | D_A 0.139 D_B 0.158 | gG 16.80 gD 5.36 | nonfinite 0 | lr 1.87e-04 | 20.1 img/s
2026-10-03 09:02:43,272 | ep  33 it   200 step   56488 | G 3.544 advAB 0.495 advBA 0.525 cycA 0.079 cycB 0.099 idtA 0.064 idtB 0.085 | D_A 0.150 D_B 0.162 | gG 17.42 gD 5.73 | nonfinite 0 | lr 1.87e-04 | 20.2 img/s
2026-10-03 09:03:03,111 | ep  33 it   300 step   56588 | G 3.498 advAB 0.486 advBA 0.534 cycA 0.078 cycB 0.098 idtA 0.065 idtB 0.079 | D_A 0.141 D_B 0.167 | gG 17.00 gD 5.80 | nonfinite 0 | lr 1.87e-04 | 20.2 img/s
2026-10-03 09:03:22,823 | ep  33 it   400 step   56688 | G 3.581 advAB 0.484 advBA 0.551 cycA 0.079 cycB 0.102 idtA 0.066 idtB 0.082 | D_A 0.147 D_B 0.163 | gG 17.29 gD 5.57 | nonfinite 0 | lr 1.87e-04 | 20.3 img/s
2026-10-03 09:03:42,430 | ep  33 it   500 step   56788 | G 3.625 advAB 0.483 advBA 0.562 cycA 0.082 cycB 0.099 idtA 0.067 idtB 0.086 | D_A 0.143 D_B 0.162 | gG 17.52 gD 5.61 | nonfinite 0 | lr 1.87e-04 | 20.4 img/s
2026-10-03 09:04:02,087 | ep  33 it   600 step   56888 | G 3.713 advAB 0.495 advBA 0.563 cycA 0.083 cycB 0.105 idtA 0.071 idtB 0.085 | D_A 0.137 D_B 0.154 | gG 19.21 gD 5.49 | nonfinite 0 | lr 1.87e-04 | 20.4 img/s
2026-10-03 09:04:21,712 | ep  33 it   700 step   56988 | G 3.602 advAB 0.490 advBA 0.563 cycA 0.078 cycB 0.101 idtA 0.064 idtB 0.088 | D_A 0.140 D_B 0.157 | gG 16.34 gD 5.46 | nonfinite 0 | lr 1.87e-04 | 20.4 img/s
2026-10-03 09:04:41,364 | ep  33 it   800 step   57088 | G 3.769 advAB 0.503 advBA 0.540 cycA 0.085 cycB 0.109 idtA 0.073 idtB 0.085 | D_A 0.143 D_B 0.161 | gG 19.17 gD 5.76 | nonfinite 0 | lr 1.87e-04 | 20.4 img/s
2026-10-03 09:05:00,987 | ep  33 it   900 step   57188 | G 3.814 advAB 0.491 advBA 0.592 cycA 0.084 cycB 0.109 idtA 0.078 idtB 0.083 | D_A 0.125 D_B 0.154 | gG 20.35 gD 5.70 | nonfinite 0 | lr 1.87e-04 | 20.4 img/s
2026-10-03 09:05:20,660 | ep  33 it  1000 step   57288 | G 3.786 advAB 0.479 advBA 0.586 cycA 0.085 cycB 0.107 idtA 0.076 idtB 0.084 | D_A 0.134 D_B 0.160 | gG 18.81 gD 5.58 | nonfinite 0 | lr 1.87e-04 | 20.3 img/s
2026-10-03 09:05:40,448 | ep  33 it  1100 step   57388 | G 3.720 advAB 0.509 advBA 0.589 cycA 0.082 cycB 0.104 idtA 0.070 idtB 0.083 | D_A 0.131 D_B 0.155 | gG 18.81 gD 5.45 | nonfinite 0 | lr 1.87e-04 | 20.2 img/s
2026-10-03 09:06:00,106 | ep  33 it  1200 step   57488 | G 3.728 advAB 0.489 advBA 0.603 cycA 0.080 cycB 0.105 idtA 0.071 idtB 0.085 | D_A 0.136 D_B 0.164 | gG 18.56 gD 5.72 | nonfinite 0 | lr 1.87e-04 | 20.4 img/s
2026-10-03 09:06:19,696 | ep  33 it  1300 step   57588 | G 3.547 advAB 0.470 advBA 0.586 cycA 0.079 cycB 0.096 idtA 0.067 idtB 0.080 | D_A 0.125 D_B 0.165 | gG 16.80 gD 5.71 | nonfinite 0 | lr 1.87e-04 | 20.4 img/s
2026-10-03 09:06:39,288 | ep  33 it  1400 step   57688 | G 3.536 advAB 0.471 advBA 0.567 cycA 0.077 cycB 0.099 idtA 0.065 idtB 0.083 | D_A 0.138 D_B 0.164 | gG 17.88 gD 5.53 | nonfinite 0 | lr 1.87e-04 | 20.4 img/s
2026-10-03 09:06:58,856 | ep  33 it  1500 step   57788 | G 3.579 advAB 0.481 advBA 0.562 cycA 0.079 cycB 0.099 idtA 0.065 idtB 0.086 | D_A 0.140 D_B 0.161 | gG 17.09 gD 5.67 | nonfinite 0 | lr 1.87e-04 | 20.4 img/s
2026-10-03 09:07:18,639 | ep  33 it  1600 step   57888 | G 3.526 advAB 0.492 advBA 0.580 cycA 0.077 cycB 0.096 idtA 0.063 idtB 0.080 | D_A 0.129 D_B 0.157 | gG 16.49 gD 5.36 | nonfinite 0 | lr 1.87e-04 | 20.2 img/s
2026-10-03 09:07:38,290 | ep  33 it  1700 step   57988 | G 3.563 advAB 0.478 advBA 0.577 cycA 0.078 cycB 0.100 idtA 0.066 idtB 0.080 | D_A 0.132 D_B 0.162 | gG 17.74 gD 5.55 | nonfinite 0 | lr 1.87e-04 | 20.4 img/s
2026-10-03 09:07:49,919 | ep  33 it  1759 step   58047 | G 3.524 advAB 0.483 advBA 0.583 cycA 0.075 cycB 0.098 idtA 0.068 idtB 0.078 | D_A 0.148 D_B 0.158 | gG 15.42 gD 5.81 | nonfinite 0 | lr 1.87e-04 | 20.3 img/s
2026-10-03 09:07:49,921 | == epoch 33/60 done in 5.8 min | last G 3.524 D_A 0.148 D_B 0.158 | ETA 2.61 h
2026-10-03 09:08:11,525 | ep  34 it   100 step   58147 | G 3.515 advAB 0.486 advBA 0.579 cycA 0.076 cycB 0.097 idtA 0.062 idtB 0.082 | D_A 0.132 D_B 0.160 | gG 16.00 gD 5.58 | nonfinite 0 | lr 1.80e-04 | 20.1 img/s
2026-10-03 09:08:31,307 | ep  34 it   200 step   58247 | G 3.547 advAB 0.470 advBA 0.591 cycA 0.078 cycB 0.097 idtA 0.066 idtB 0.081 | D_A 0.133 D_B 0.167 | gG 17.55 gD 5.81 | nonfinite 0 | lr 1.80e-04 | 20.2 img/s
2026-10-03 09:08:50,992 | ep  34 it   300 step   58347 | G 3.511 advAB 0.483 advBA 0.551 cycA 0.077 cycB 0.098 idtA 0.066 idtB 0.080 | D_A 0.128 D_B 0.162 | gG 16.09 gD 5.49 | nonfinite 0 | lr 1.80e-04 | 20.3 img/s
2026-10-03 09:09:10,658 | ep  34 it   400 step   58447 | G 3.721 advAB 0.487 advBA 0.596 cycA 0.082 cycB 0.105 idtA 0.071 idtB 0.084 | D_A 0.119 D_B 0.160 | gG 19.69 gD 5.58 | nonfinite 0 | lr 1.80e-04 | 20.3 img/s
2026-10-03 09:09:30,235 | ep  34 it   500 step   58547 | G 3.501 advAB 0.464 advBA 0.588 cycA 0.079 cycB 0.094 idtA 0.068 idtB 0.076 | D_A 0.122 D_B 0.161 | gG 15.98 gD 5.61 | nonfinite 0 | lr 1.80e-04 | 20.4 img/s
2026-10-03 09:09:49,814 | ep  34 it   600 step   58647 | G 3.579 advAB 0.482 advBA 0.593 cycA 0.080 cycB 0.098 idtA 0.066 idtB 0.078 | D_A 0.123 D_B 0.160 | gG 18.09 gD 5.34 | nonfinite 0 | lr 1.80e-04 | 20.4 img/s
2026-10-03 09:10:09,397 | ep  34 it   700 step   58747 | G 3.650 advAB 0.484 advBA 0.585 cycA 0.081 cycB 0.101 idtA 0.068 idtB 0.084 | D_A 0.123 D_B 0.162 | gG 18.32 gD 5.55 | nonfinite 0 | lr 1.80e-04 | 20.4 img/s
2026-10-03 09:10:28,975 | ep  34 it   800 step   58847 | G 3.485 advAB 0.484 advBA 0.576 cycA 0.076 cycB 0.095 idtA 0.064 idtB 0.078 | D_A 0.134 D_B 0.159 | gG 16.40 gD 5.56 | nonfinite 0 | lr 1.80e-04 | 20.4 img/s
2026-10-03 09:10:48,552 | ep  34 it   900 step   58947 | G 3.520 advAB 0.489 advBA 0.564 cycA 0.078 cycB 0.096 idtA 0.064 idtB 0.080 | D_A 0.130 D_B 0.161 | gG 15.06 gD 5.43 | nonfinite 0 | lr 1.80e-04 | 20.4 img/s
2026-10-03 09:11:08,203 | ep  34 it  1000 step   59047 | G 3.563 advAB 0.489 advBA 0.600 cycA 0.078 cycB 0.097 idtA 0.067 idtB 0.079 | D_A 0.129 D_B 0.163 | gG 17.28 gD 5.50 | nonfinite 0 | lr 1.80e-04 | 20.4 img/s
2026-10-03 09:11:27,827 | ep  34 it  1100 step   59147 | G 3.490 advAB 0.482 advBA 0.614 cycA 0.077 cycB 0.093 idtA 0.065 idtB 0.075 | D_A 0.126 D_B 0.160 | gG 16.20 gD 5.43 | nonfinite 0 | lr 1.80e-04 | 20.4 img/s
2026-10-03 09:11:47,406 | ep  34 it  1200 step   59247 | G 3.525 advAB 0.472 advBA 0.594 cycA 0.078 cycB 0.097 idtA 0.064 idtB 0.078 | D_A 0.128 D_B 0.161 | gG 18.16 gD 5.49 | nonfinite 0 | lr 1.80e-04 | 20.4 img/s
2026-10-03 09:12:07,042 | ep  34 it  1300 step   59347 | G 3.692 advAB 0.496 advBA 0.584 cycA 0.080 cycB 0.105 idtA 0.068 idtB 0.085 | D_A 0.129 D_B 0.153 | gG 18.40 gD 5.72 | nonfinite 0 | lr 1.80e-04 | 20.4 img/s
2026-10-03 09:12:26,621 | ep  34 it  1400 step   59447 | G 3.668 advAB 0.498 advBA 0.610 cycA 0.082 cycB 0.099 idtA 0.069 idtB 0.081 | D_A 0.131 D_B 0.164 | gG 18.84 gD 5.80 | nonfinite 0 | lr 1.80e-04 | 20.4 img/s
2026-10-03 09:12:46,262 | ep  34 it  1500 step   59547 | G 3.873 advAB 0.493 advBA 0.661 cycA 0.085 cycB 0.109 idtA 0.073 idtB 0.083 | D_A 0.110 D_B 0.156 | gG 20.91 gD 5.50 | nonfinite 0 | lr 1.80e-04 | 20.4 img/s
2026-10-03 09:13:05,782 | ep  34 it  1600 step   59647 | G 3.648 advAB 0.478 advBA 0.610 cycA 0.081 cycB 0.101 idtA 0.068 idtB 0.080 | D_A 0.116 D_B 0.160 | gG 17.07 gD 5.55 | nonfinite 0 | lr 1.80e-04 | 20.5 img/s
2026-10-03 09:13:25,469 | ep  34 it  1700 step   59747 | G 3.602 advAB 0.492 advBA 0.613 cycA 0.076 cycB 0.100 idtA 0.065 idtB 0.081 | D_A 0.122 D_B 0.160 | gG 18.42 gD 5.56 | nonfinite 0 | lr 1.80e-04 | 20.3 img/s
2026-10-03 09:13:37,020 | ep  34 it  1759 step   59806 | G 3.579 advAB 0.492 advBA 0.592 cycA 0.079 cycB 0.098 idtA 0.066 idtB 0.081 | D_A 0.123 D_B 0.154 | gG 17.22 gD 5.45 | nonfinite 0 | lr 1.80e-04 | 20.4 img/s
2026-10-03 09:13:37,022 | == epoch 34/60 done in 5.8 min | last G 3.579 D_A 0.123 D_B 0.154 | ETA 2.49 h
2026-10-03 09:13:58,338 | ep  35 it   100 step   59906 | G 3.545 advAB 0.496 advBA 0.588 cycA 0.078 cycB 0.096 idtA 0.064 idtB 0.080 | D_A 0.130 D_B 0.158 | gG 16.85 gD 5.58 | nonfinite 0 | lr 1.73e-04 | 20.3 img/s
2026-10-03 09:14:18,059 | ep  35 it   200 step   60006 | G 3.447 advAB 0.475 advBA 0.583 cycA 0.076 cycB 0.093 idtA 0.063 idtB 0.077 | D_A 0.129 D_B 0.162 | gG 16.07 gD 5.66 | nonfinite 0 | lr 1.73e-04 | 20.3 img/s
2026-10-03 09:14:37,644 | ep  35 it   300 step   60106 | G 3.483 advAB 0.461 advBA 0.581 cycA 0.076 cycB 0.097 idtA 0.061 idtB 0.081 | D_A 0.133 D_B 0.162 | gG 16.59 gD 5.66 | nonfinite 0 | lr 1.73e-04 | 20.4 img/s
2026-10-03 09:14:57,228 | ep  35 it   400 step   60206 | G 3.494 advAB 0.471 advBA 0.608 cycA 0.077 cycB 0.094 idtA 0.063 idtB 0.078 | D_A 0.129 D_B 0.164 | gG 16.87 gD 5.57 | nonfinite 0 | lr 1.73e-04 | 20.4 img/s
2026-10-03 09:15:16,815 | ep  35 it   500 step   60306 | G 3.410 advAB 0.482 advBA 0.587 cycA 0.075 cycB 0.092 idtA 0.060 idtB 0.075 | D_A 0.131 D_B 0.166 | gG 16.46 gD 5.66 | nonfinite 0 | lr 1.73e-04 | 20.4 img/s
2026-10-03 09:15:36,421 | ep  35 it   600 step   60406 | G 3.531 advAB 0.463 advBA 0.607 cycA 0.077 cycB 0.097 idtA 0.064 idtB 0.080 | D_A 0.123 D_B 0.157 | gG 18.10 gD 5.35 | nonfinite 0 | lr 1.73e-04 | 20.4 img/s
2026-10-03 09:15:56,034 | ep  35 it   700 step   60506 | G 3.498 advAB 0.490 advBA 0.596 cycA 0.076 cycB 0.095 idtA 0.062 idtB 0.078 | D_A 0.131 D_B 0.157 | gG 17.75 gD 5.63 | nonfinite 0 | lr 1.73e-04 | 20.4 img/s
2026-10-03 09:16:15,624 | ep  35 it   800 step   60606 | G 3.600 advAB 0.487 advBA 0.626 cycA 0.080 cycB 0.096 idtA 0.066 idtB 0.079 | D_A 0.119 D_B 0.160 | gG 18.15 gD 5.59 | nonfinite 0 | lr 1.73e-04 | 20.4 img/s
2026-10-03 09:16:35,202 | ep  35 it   900 step   60706 | G 3.657 advAB 0.477 advBA 0.629 cycA 0.080 cycB 0.101 idtA 0.067 idtB 0.081 | D_A 0.119 D_B 0.163 | gG 18.95 gD 5.58 | nonfinite 0 | lr 1.73e-04 | 20.4 img/s
2026-10-03 09:16:54,763 | ep  35 it  1000 step   60806 | G 3.834 advAB 0.506 advBA 0.635 cycA 0.084 cycB 0.107 idtA 0.075 idtB 0.081 | D_A 0.106 D_B 0.158 | gG 20.23 gD 5.30 | nonfinite 0 | lr 1.73e-04 | 20.5 img/s
2026-10-03 09:17:14,349 | ep  35 it  1100 step   60906 | G 4.129 advAB 0.523 advBA 0.720 cycA 0.092 cycB 0.109 idtA 0.085 idtB 0.092 | D_A 0.094 D_B 0.152 | gG 20.36 gD 5.37 | nonfinite 0 | lr 1.73e-04 | 20.4 img/s
2026-10-03 09:17:33,945 | ep  35 it  1200 step   61006 | G 3.636 advAB 0.487 advBA 0.636 cycA 0.082 cycB 0.095 idtA 0.070 idtB 0.078 | D_A 0.112 D_B 0.152 | gG 16.26 gD 5.47 | nonfinite 0 | lr 1.73e-04 | 20.4 img/s
2026-10-03 09:17:53,518 | ep  35 it  1300 step   61106 | G 3.733 advAB 0.494 advBA 0.623 cycA 0.082 cycB 0.103 idtA 0.069 idtB 0.083 | D_A 0.120 D_B 0.159 | gG 18.52 gD 5.80 | nonfinite 0 | lr 1.73e-04 | 20.4 img/s
2026-10-03 09:18:13,048 | ep  35 it  1400 step   61206 | G 3.670 advAB 0.483 advBA 0.662 cycA 0.080 cycB 0.098 idtA 0.068 idtB 0.080 | D_A 0.100 D_B 0.159 | gG 16.40 gD 5.41 | nonfinite 0 | lr 1.73e-04 | 20.5 img/s
2026-10-03 09:18:32,713 | ep  35 it  1500 step   61306 | G 3.524 advAB 0.485 advBA 0.620 cycA 0.078 cycB 0.094 idtA 0.064 idtB 0.077 | D_A 0.123 D_B 0.167 | gG 15.44 gD 5.57 | nonfinite 0 | lr 1.73e-04 | 20.3 img/s
2026-10-03 09:18:52,328 | ep  35 it  1600 step   61406 | G 3.509 advAB 0.469 advBA 0.595 cycA 0.078 cycB 0.095 idtA 0.066 idtB 0.077 | D_A 0.129 D_B 0.161 | gG 18.12 gD 5.56 | nonfinite 0 | lr 1.73e-04 | 20.4 img/s
2026-10-03 09:19:11,907 | ep  35 it  1700 step   61506 | G 3.675 advAB 0.498 advBA 0.637 cycA 0.082 cycB 0.099 idtA 0.070 idtB 0.078 | D_A 0.110 D_B 0.161 | gG 19.39 gD 5.48 | nonfinite 0 | lr 1.73e-04 | 20.4 img/s
2026-10-03 09:19:23,505 | ep  35 it  1759 step   61565 | G 3.699 advAB 0.488 advBA 0.641 cycA 0.081 cycB 0.102 idtA 0.068 idtB 0.080 | D_A 0.112 D_B 0.156 | gG 18.28 gD 5.47 | nonfinite 0 | lr 1.73e-04 | 20.4 img/s
2026-10-03 09:19:23,507 | == epoch 35/60 done in 5.7 min | last G 3.699 D_A 0.112 D_B 0.156 | ETA 2.39 h
2026-10-03 09:19:29,646 |    FID (held-out) B2A 95.56 | A2B 93.41 | avg 94.48  <-- new best (4s)
2026-10-03 09:19:50,369 | ep  36 it   100 step   61665 | G 3.628 advAB 0.491 advBA 0.634 cycA 0.079 cycB 0.099 idtA 0.066 idtB 0.079 | D_A 0.120 D_B 0.157 | gG 17.14 gD 5.53 | nonfinite 0 | lr 1.67e-04 | 20.2 img/s
2026-10-03 09:20:09,994 | ep  36 it   200 step   61765 | G 3.868 advAB 0.499 advBA 0.689 cycA 0.086 cycB 0.105 idtA 0.076 idtB 0.079 | D_A 0.108 D_B 0.154 | gG 20.01 gD 5.44 | nonfinite 0 | lr 1.67e-04 | 20.4 img/s
2026-10-03 09:20:29,608 | ep  36 it   300 step   61865 | G 3.738 advAB 0.503 advBA 0.664 cycA 0.082 cycB 0.099 idtA 0.073 idtB 0.078 | D_A 0.100 D_B 0.155 | gG 18.59 gD 5.33 | nonfinite 0 | lr 1.67e-04 | 20.4 img/s
2026-10-03 09:20:49,172 | ep  36 it   400 step   61965 | G 3.669 advAB 0.514 advBA 0.615 cycA 0.080 cycB 0.101 idtA 0.069 idtB 0.078 | D_A 0.114 D_B 0.154 | gG 17.45 gD 5.54 | nonfinite 0 | lr 1.67e-04 | 20.5 img/s
2026-10-03 09:21:08,764 | ep  36 it   500 step   62065 | G 3.540 advAB 0.490 advBA 0.601 cycA 0.078 cycB 0.095 idtA 0.066 idtB 0.077 | D_A 0.119 D_B 0.158 | gG 16.58 gD 5.50 | nonfinite 0 | lr 1.67e-04 | 20.4 img/s
2026-10-03 09:21:28,339 | ep  36 it   600 step   62165 | G 3.670 advAB 0.493 advBA 0.631 cycA 0.080 cycB 0.100 idtA 0.066 idtB 0.082 | D_A 0.121 D_B 0.159 | gG 18.98 gD 5.61 | nonfinite 0 | lr 1.67e-04 | 20.4 img/s
2026-10-03 09:21:47,911 | ep  36 it   700 step   62265 | G 3.587 advAB 0.494 advBA 0.594 cycA 0.077 cycB 0.100 idtA 0.063 idtB 0.082 | D_A 0.122 D_B 0.157 | gG 17.49 gD 5.50 | nonfinite 0 | lr 1.67e-04 | 20.4 img/s
2026-10-03 09:22:07,456 | ep  36 it   800 step   62365 | G 3.568 advAB 0.497 advBA 0.589 cycA 0.079 cycB 0.097 idtA 0.065 idtB 0.080 | D_A 0.129 D_B 0.156 | gG 18.50 gD 5.87 | nonfinite 0 | lr 1.67e-04 | 20.5 img/s
2026-10-03 09:22:27,065 | ep  36 it   900 step   62465 | G 3.731 advAB 0.507 advBA 0.619 cycA 0.082 cycB 0.102 idtA 0.072 idtB 0.080 | D_A 0.116 D_B 0.154 | gG 18.76 gD 5.57 | nonfinite 0 | lr 1.67e-04 | 20.4 img/s
2026-10-03 09:22:46,617 | ep  36 it  1000 step   62565 | G 3.759 advAB 0.506 advBA 0.648 cycA 0.083 cycB 0.102 idtA 0.074 idtB 0.079 | D_A 0.109 D_B 0.152 | gG 19.18 gD 5.32 | nonfinite 0 | lr 1.67e-04 | 20.5 img/s
2026-10-03 09:23:06,194 | ep  36 it  1100 step   62665 | G 3.481 advAB 0.482 advBA 0.604 cycA 0.077 cycB 0.092 idtA 0.064 idtB 0.076 | D_A 0.113 D_B 0.154 | gG 16.33 gD 5.44 | nonfinite 0 | lr 1.67e-04 | 20.4 img/s
2026-10-03 09:23:25,704 | ep  36 it  1200 step   62765 | G 3.513 advAB 0.487 advBA 0.606 cycA 0.077 cycB 0.094 idtA 0.064 idtB 0.078 | D_A 0.123 D_B 0.154 | gG 16.75 gD 5.70 | nonfinite 0 | lr 1.67e-04 | 20.5 img/s
2026-10-03 09:23:45,374 | ep  36 it  1300 step   62865 | G 3.552 advAB 0.502 advBA 0.586 cycA 0.078 cycB 0.098 idtA 0.062 idtB 0.079 | D_A 0.128 D_B 0.149 | gG 16.91 gD 5.69 | nonfinite 0 | lr 1.67e-04 | 20.3 img/s
2026-10-03 09:24:04,950 | ep  36 it  1400 step   62965 | G 3.584 advAB 0.510 advBA 0.606 cycA 0.078 cycB 0.097 idtA 0.063 idtB 0.081 | D_A 0.129 D_B 0.154 | gG 17.57 gD 5.96 | nonfinite 0 | lr 1.67e-04 | 20.4 img/s
2026-10-03 09:24:24,530 | ep  36 it  1500 step   63065 | G 3.577 advAB 0.504 advBA 0.609 cycA 0.080 cycB 0.094 idtA 0.064 idtB 0.080 | D_A 0.125 D_B 0.161 | gG 18.17 gD 5.83 | nonfinite 0 | lr 1.67e-04 | 20.4 img/s
2026-10-03 09:24:44,009 | ep  36 it  1600 step   63165 | G 3.670 advAB 0.528 advBA 0.601 cycA 0.080 cycB 0.101 idtA 0.063 idtB 0.084 | D_A 0.124 D_B 0.154 | gG 18.03 gD 5.81 | nonfinite 0 | lr 1.67e-04 | 20.5 img/s
2026-10-03 09:25:03,555 | ep  36 it  1700 step   63265 | G 3.605 advAB 0.495 advBA 0.609 cycA 0.078 cycB 0.099 idtA 0.062 idtB 0.083 | D_A 0.127 D_B 0.152 | gG 17.45 gD 5.98 | nonfinite 0 | lr 1.67e-04 | 20.5 img/s
2026-10-03 09:25:15,100 | ep  36 it  1759 step   63324 | G 3.545 advAB 0.504 advBA 0.599 cycA 0.079 cycB 0.095 idtA 0.066 idtB 0.075 | D_A 0.132 D_B 0.148 | gG 17.10 gD 5.87 | nonfinite 0 | lr 1.67e-04 | 20.5 img/s
2026-10-03 09:25:15,103 | == epoch 36/60 done in 5.7 min | last G 3.545 D_A 0.132 D_B 0.148 | ETA 2.30 h
2026-10-03 09:25:45,271 | ep  37 it   100 step   63424 | G 3.432 advAB 0.469 advBA 0.562 cycA 0.077 cycB 0.094 idtA 0.061 idtB 0.078 | D_A 0.124 D_B 0.156 | gG 16.56 gD 5.77 | nonfinite 0 | lr 1.60e-04 | 20.4 img/s
2026-10-03 09:26:04,904 | ep  37 it   200 step   63524 | G 3.500 advAB 0.495 advBA 0.594 cycA 0.077 cycB 0.094 idtA 0.061 idtB 0.078 | D_A 0.124 D_B 0.150 | gG 17.27 gD 5.56 | nonfinite 0 | lr 1.60e-04 | 20.4 img/s
2026-10-03 09:26:24,454 | ep  37 it   300 step   63624 | G 3.503 advAB 0.512 advBA 0.582 cycA 0.078 cycB 0.092 idtA 0.062 idtB 0.079 | D_A 0.125 D_B 0.148 | gG 18.38 gD 5.61 | nonfinite 0 | lr 1.60e-04 | 20.5 img/s
2026-10-03 09:26:43,932 | ep  37 it   400 step   63724 | G 3.469 advAB 0.489 advBA 0.609 cycA 0.076 cycB 0.093 idtA 0.060 idtB 0.077 | D_A 0.132 D_B 0.161 | gG 16.46 gD 5.96 | nonfinite 0 | lr 1.60e-04 | 20.5 img/s
2026-10-03 09:27:03,503 | ep  37 it   500 step   63824 | G 3.385 advAB 0.474 advBA 0.594 cycA 0.075 cycB 0.090 idtA 0.059 idtB 0.075 | D_A 0.125 D_B 0.158 | gG 16.76 gD 5.67 | nonfinite 0 | lr 1.60e-04 | 20.4 img/s
2026-10-03 09:27:23,053 | ep  37 it   600 step   63924 | G 3.460 advAB 0.482 advBA 0.596 cycA 0.076 cycB 0.094 idtA 0.060 idtB 0.077 | D_A 0.131 D_B 0.168 | gG 16.53 gD 6.08 | nonfinite 0 | lr 1.60e-04 | 20.5 img/s
2026-10-03 09:27:42,635 | ep  37 it   700 step   64024 | G 3.455 advAB 0.473 advBA 0.580 cycA 0.077 cycB 0.094 idtA 0.062 idtB 0.078 | D_A 0.131 D_B 0.158 | gG 16.17 gD 5.80 | nonfinite 0 | lr 1.60e-04 | 20.4 img/s
2026-10-03 09:28:02,216 | ep  37 it   800 step   64124 | G 3.546 advAB 0.503 advBA 0.596 cycA 0.076 cycB 0.097 idtA 0.061 idtB 0.081 | D_A 0.126 D_B 0.154 | gG 17.35 gD 5.55 | nonfinite 0 | lr 1.60e-04 | 20.4 img/s
2026-10-03 09:28:21,779 | ep  37 it   900 step   64224 | G 3.456 advAB 0.502 advBA 0.586 cycA 0.076 cycB 0.093 idtA 0.060 idtB 0.075 | D_A 0.122 D_B 0.157 | gG 17.20 gD 5.74 | nonfinite 0 | lr 1.60e-04 | 20.5 img/s
2026-10-03 09:28:41,316 | ep  37 it  1000 step   64324 | G 3.529 advAB 0.508 advBA 0.604 cycA 0.076 cycB 0.096 idtA 0.061 idtB 0.078 | D_A 0.130 D_B 0.158 | gG 17.41 gD 5.80 | nonfinite 0 | lr 1.60e-04 | 20.5 img/s
2026-10-03 09:29:00,858 | ep  37 it  1100 step   64424 | G 3.481 advAB 0.484 advBA 0.587 cycA 0.075 cycB 0.096 idtA 0.062 idtB 0.078 | D_A 0.128 D_B 0.156 | gG 17.82 gD 5.87 | nonfinite 0 | lr 1.60e-04 | 20.5 img/s
2026-10-03 09:29:20,412 | ep  37 it  1200 step   64524 | G 3.527 advAB 0.480 advBA 0.607 cycA 0.078 cycB 0.095 idtA 0.063 idtB 0.079 | D_A 0.128 D_B 0.165 | gG 17.92 gD 5.76 | nonfinite 0 | lr 1.60e-04 | 20.5 img/s
2026-10-03 09:29:40,000 | ep  37 it  1300 step   64624 | G 3.520 advAB 0.486 advBA 0.604 cycA 0.077 cycB 0.096 idtA 0.061 idtB 0.079 | D_A 0.130 D_B 0.155 | gG 17.56 gD 5.79 | nonfinite 0 | lr 1.60e-04 | 20.4 img/s
2026-10-03 09:29:59,559 | ep  37 it  1400 step   64724 | G 3.473 advAB 0.495 advBA 0.594 cycA 0.076 cycB 0.094 idtA 0.062 idtB 0.075 | D_A 0.128 D_B 0.158 | gG 16.80 gD 5.70 | nonfinite 0 | lr 1.60e-04 | 20.5 img/s
2026-10-03 09:30:19,067 | ep  37 it  1500 step   64824 | G 3.543 advAB 0.475 advBA 0.582 cycA 0.079 cycB 0.096 idtA 0.066 idtB 0.080 | D_A 0.127 D_B 0.163 | gG 17.80 gD 5.78 | nonfinite 0 | lr 1.60e-04 | 20.5 img/s
2026-10-03 09:30:38,640 | ep  37 it  1600 step   64924 | G 3.473 advAB 0.483 advBA 0.592 cycA 0.078 cycB 0.093 idtA 0.062 idtB 0.076 | D_A 0.124 D_B 0.163 | gG 15.05 gD 6.04 | nonfinite 0 | lr 1.60e-04 | 20.4 img/s
2026-10-03 09:30:58,185 | ep  37 it  1700 step   65024 | G 3.466 advAB 0.483 advBA 0.604 cycA 0.076 cycB 0.094 idtA 0.059 idtB 0.077 | D_A 0.135 D_B 0.163 | gG 16.74 gD 6.07 | nonfinite 0 | lr 1.60e-04 | 20.5 img/s
2026-10-03 09:31:09,693 | ep  37 it  1759 step   65083 | G 3.493 advAB 0.505 advBA 0.598 cycA 0.075 cycB 0.094 idtA 0.063 idtB 0.077 | D_A 0.127 D_B 0.161 | gG 16.78 gD 5.93 | nonfinite 0 | lr 1.60e-04 | 20.5 img/s
2026-10-03 09:31:09,695 | == epoch 37/60 done in 5.9 min | last G 3.493 D_A 0.127 D_B 0.161 | ETA 2.25 h
2026-10-03 09:31:33,368 | ep  38 it   100 step   65183 | G 3.439 advAB 0.470 advBA 0.604 cycA 0.077 cycB 0.091 idtA 0.063 idtB 0.074 | D_A 0.129 D_B 0.160 | gG 16.56 gD 5.89 | nonfinite 0 | lr 1.53e-04 | 20.5 img/s
2026-10-03 09:31:53,112 | ep  38 it   200 step   65283 | G 3.651 advAB 0.495 advBA 0.649 cycA 0.079 cycB 0.099 idtA 0.067 idtB 0.079 | D_A 0.118 D_B 0.155 | gG 19.40 gD 5.76 | nonfinite 0 | lr 1.53e-04 | 20.3 img/s
2026-10-03 09:32:12,719 | ep  38 it   300 step   65383 | G 3.488 advAB 0.476 advBA 0.598 cycA 0.077 cycB 0.095 idtA 0.062 idtB 0.077 | D_A 0.124 D_B 0.162 | gG 16.12 gD 5.79 | nonfinite 0 | lr 1.53e-04 | 20.4 img/s
2026-10-03 09:32:32,279 | ep  38 it   400 step   65483 | G 3.399 advAB 0.469 advBA 0.569 cycA 0.075 cycB 0.094 idtA 0.059 idtB 0.075 | D_A 0.122 D_B 0.159 | gG 15.84 gD 5.56 | nonfinite 0 | lr 1.53e-04 | 20.5 img/s
2026-10-03 09:32:51,829 | ep  38 it   500 step   65583 | G 3.433 advAB 0.488 advBA 0.607 cycA 0.075 cycB 0.091 idtA 0.060 idtB 0.075 | D_A 0.122 D_B 0.158 | gG 16.61 gD 5.58 | nonfinite 0 | lr 1.53e-04 | 20.5 img/s
2026-10-03 09:33:11,403 | ep  38 it   600 step   65683 | G 3.445 advAB 0.488 advBA 0.589 cycA 0.076 cycB 0.093 idtA 0.060 idtB 0.074 | D_A 0.126 D_B 0.160 | gG 17.04 gD 5.81 | nonfinite 0 | lr 1.53e-04 | 20.4 img/s
2026-10-03 09:33:30,907 | ep  38 it   700 step   65783 | G 3.560 advAB 0.486 advBA 0.647 cycA 0.076 cycB 0.096 idtA 0.061 idtB 0.078 | D_A 0.115 D_B 0.158 | gG 18.77 gD 5.66 | nonfinite 0 | lr 1.53e-04 | 20.5 img/s
2026-10-03 09:33:50,519 | ep  38 it   800 step   65883 | G 3.534 advAB 0.473 advBA 0.647 cycA 0.078 cycB 0.093 idtA 0.065 idtB 0.074 | D_A 0.111 D_B 0.164 | gG 18.95 gD 5.70 | nonfinite 0 | lr 1.53e-04 | 20.4 img/s
2026-10-03 09:34:10,046 | ep  38 it   900 step   65983 | G 3.500 advAB 0.486 advBA 0.623 cycA 0.078 cycB 0.090 idtA 0.069 idtB 0.073 | D_A 0.110 D_B 0.162 | gG 17.22 gD 5.56 | nonfinite 0 | lr 1.53e-04 | 20.5 img/s
2026-10-03 09:34:29,585 | ep  38 it  1000 step   66083 | G 3.570 advAB 0.508 advBA 0.620 cycA 0.080 cycB 0.094 idtA 0.065 idtB 0.075 | D_A 0.115 D_B 0.157 | gG 18.25 gD 5.51 | nonfinite 0 | lr 1.53e-04 | 20.5 img/s
2026-10-03 09:34:49,113 | ep  38 it  1100 step   66183 | G 3.710 advAB 0.503 advBA 0.601 cycA 0.081 cycB 0.104 idtA 0.065 idtB 0.085 | D_A 0.126 D_B 0.153 | gG 17.88 gD 5.92 | nonfinite 0 | lr 1.53e-04 | 20.5 img/s
2026-10-03 09:35:08,638 | ep  38 it  1200 step   66283 | G 3.489 advAB 0.495 advBA 0.605 cycA 0.078 cycB 0.092 idtA 0.063 idtB 0.075 | D_A 0.128 D_B 0.156 | gG 17.59 gD 5.90 | nonfinite 0 | lr 1.53e-04 | 20.5 img/s
2026-10-03 09:35:28,229 | ep  38 it  1300 step   66383 | G 3.527 advAB 0.496 advBA 0.585 cycA 0.078 cycB 0.096 idtA 0.062 idtB 0.079 | D_A 0.123 D_B 0.158 | gG 18.12 gD 5.77 | nonfinite 0 | lr 1.53e-04 | 20.4 img/s
2026-10-03 09:35:47,722 | ep  38 it  1400 step   66483 | G 3.513 advAB 0.487 advBA 0.614 cycA 0.077 cycB 0.095 idtA 0.061 idtB 0.076 | D_A 0.131 D_B 0.164 | gG 18.24 gD 6.08 | nonfinite 0 | lr 1.53e-04 | 20.5 img/s
2026-10-03 09:36:07,326 | ep  38 it  1500 step   66583 | G 3.588 advAB 0.479 advBA 0.597 cycA 0.078 cycB 0.101 idtA 0.064 idtB 0.080 | D_A 0.119 D_B 0.160 | gG 18.06 gD 5.75 | nonfinite 0 | lr 1.53e-04 | 20.4 img/s
2026-10-03 09:36:26,878 | ep  38 it  1600 step   66683 | G 3.546 advAB 0.504 advBA 0.618 cycA 0.078 cycB 0.094 idtA 0.063 idtB 0.078 | D_A 0.116 D_B 0.161 | gG 18.19 gD 5.72 | nonfinite 0 | lr 1.53e-04 | 20.5 img/s
2026-10-03 09:36:46,455 | ep  38 it  1700 step   66783 | G 3.534 advAB 0.496 advBA 0.618 cycA 0.076 cycB 0.097 idtA 0.060 idtB 0.079 | D_A 0.123 D_B 0.159 | gG 16.77 gD 5.76 | nonfinite 0 | lr 1.53e-04 | 20.4 img/s
2026-10-03 09:36:57,994 | ep  38 it  1759 step   66842 | G 3.411 advAB 0.474 advBA 0.593 cycA 0.075 cycB 0.093 idtA 0.059 idtB 0.074 | D_A 0.130 D_B 0.162 | gG 15.04 gD 5.76 | nonfinite 0 | lr 1.53e-04 | 20.5 img/s
2026-10-03 09:36:57,996 | == epoch 38/60 done in 5.8 min | last G 3.411 D_A 0.130 D_B 0.162 | ETA 2.12 h
2026-10-03 09:37:20,166 | ep  39 it   100 step   66942 | G 3.376 advAB 0.464 advBA 0.606 cycA 0.074 cycB 0.090 idtA 0.058 idtB 0.075 | D_A 0.127 D_B 0.164 | gG 15.82 gD 5.77 | nonfinite 0 | lr 1.47e-04 | 20.3 img/s
2026-10-03 09:37:39,800 | ep  39 it   200 step   67042 | G 3.369 advAB 0.491 advBA 0.619 cycA 0.072 cycB 0.089 idtA 0.056 idtB 0.072 | D_A 0.118 D_B 0.161 | gG 16.39 gD 5.72 | nonfinite 0 | lr 1.47e-04 | 20.4 img/s
2026-10-03 09:37:59,401 | ep  39 it   300 step   67142 | G 3.466 advAB 0.476 advBA 0.651 cycA 0.075 cycB 0.092 idtA 0.061 idtB 0.073 | D_A 0.118 D_B 0.159 | gG 18.01 gD 5.73 | nonfinite 0 | lr 1.47e-04 | 20.4 img/s
2026-10-03 09:38:18,949 | ep  39 it   400 step   67242 | G 3.412 advAB 0.486 advBA 0.606 cycA 0.075 cycB 0.090 idtA 0.060 idtB 0.075 | D_A 0.127 D_B 0.155 | gG 16.91 gD 6.01 | nonfinite 0 | lr 1.47e-04 | 20.5 img/s
2026-10-03 09:38:38,550 | ep  39 it   500 step   67342 | G 3.447 advAB 0.486 advBA 0.637 cycA 0.076 cycB 0.089 idtA 0.060 idtB 0.074 | D_A 0.121 D_B 0.155 | gG 16.63 gD 5.91 | nonfinite 0 | lr 1.47e-04 | 20.4 img/s
2026-10-03 09:38:58,116 | ep  39 it   600 step   67442 | G 3.563 advAB 0.488 advBA 0.611 cycA 0.078 cycB 0.097 idtA 0.064 idtB 0.079 | D_A 0.123 D_B 0.162 | gG 18.35 gD 5.74 | nonfinite 0 | lr 1.47e-04 | 20.5 img/s
2026-10-03 09:39:17,674 | ep  39 it   700 step   67542 | G 3.433 advAB 0.495 advBA 0.590 cycA 0.075 cycB 0.092 idtA 0.061 idtB 0.074 | D_A 0.125 D_B 0.163 | gG 16.10 gD 5.97 | nonfinite 0 | lr 1.47e-04 | 20.5 img/s
2026-10-03 09:39:37,240 | ep  39 it   800 step   67642 | G 3.351 advAB 0.463 advBA 0.612 cycA 0.075 cycB 0.087 idtA 0.058 idtB 0.072 | D_A 0.128 D_B 0.165 | gG 14.88 gD 5.85 | nonfinite 0 | lr 1.47e-04 | 20.5 img/s
2026-10-03 09:39:56,794 | ep  39 it   900 step   67742 | G 3.437 advAB 0.481 advBA 0.607 cycA 0.074 cycB 0.094 idtA 0.058 idtB 0.077 | D_A 0.131 D_B 0.160 | gG 16.20 gD 5.98 | nonfinite 0 | lr 1.47e-04 | 20.5 img/s
2026-10-03 09:40:16,381 | ep  39 it  1000 step   67842 | G 3.405 advAB 0.470 advBA 0.592 cycA 0.075 cycB 0.092 idtA 0.060 idtB 0.074 | D_A 0.130 D_B 0.164 | gG 16.85 gD 5.88 | nonfinite 0 | lr 1.47e-04 | 20.4 img/s
2026-10-03 09:40:35,914 | ep  39 it  1100 step   67942 | G 3.408 advAB 0.473 advBA 0.605 cycA 0.074 cycB 0.092 idtA 0.059 idtB 0.074 | D_A 0.122 D_B 0.166 | gG 15.40 gD 5.69 | nonfinite 0 | lr 1.47e-04 | 20.5 img/s
2026-10-03 09:40:55,499 | ep  39 it  1200 step   68042 | G 3.499 advAB 0.472 advBA 0.594 cycA 0.076 cycB 0.098 idtA 0.062 idtB 0.079 | D_A 0.128 D_B 0.167 | gG 18.93 gD 6.00 | nonfinite 0 | lr 1.47e-04 | 20.4 img/s
2026-10-03 09:41:15,093 | ep  39 it  1300 step   68142 | G 3.593 advAB 0.509 advBA 0.630 cycA 0.079 cycB 0.096 idtA 0.065 idtB 0.077 | D_A 0.112 D_B 0.148 | gG 17.09 gD 5.57 | nonfinite 0 | lr 1.47e-04 | 20.4 img/s
2026-10-03 09:41:34,600 | ep  39 it  1400 step   68242 | G 3.426 advAB 0.478 advBA 0.613 cycA 0.073 cycB 0.093 idtA 0.059 idtB 0.077 | D_A 0.121 D_B 0.160 | gG 15.96 gD 5.80 | nonfinite 0 | lr 1.47e-04 | 20.5 img/s
2026-10-03 09:41:54,137 | ep  39 it  1500 step   68342 | G 3.380 advAB 0.498 advBA 0.603 cycA 0.074 cycB 0.089 idtA 0.057 idtB 0.072 | D_A 0.118 D_B 0.160 | gG 17.39 gD 5.68 | nonfinite 0 | lr 1.47e-04 | 20.5 img/s
2026-10-03 09:42:13,684 | ep  39 it  1600 step   68442 | G 3.449 advAB 0.490 advBA 0.625 cycA 0.076 cycB 0.091 idtA 0.058 idtB 0.074 | D_A 0.121 D_B 0.160 | gG 16.12 gD 5.69 | nonfinite 0 | lr 1.47e-04 | 20.5 img/s
2026-10-03 09:42:33,196 | ep  39 it  1700 step   68542 | G 3.375 advAB 0.465 advBA 0.607 cycA 0.075 cycB 0.090 idtA 0.058 idtB 0.072 | D_A 0.126 D_B 0.165 | gG 15.85 gD 5.97 | nonfinite 0 | lr 1.47e-04 | 20.5 img/s
2026-10-03 09:42:44,746 | ep  39 it  1759 step   68601 | G 3.328 advAB 0.450 advBA 0.598 cycA 0.073 cycB 0.090 idtA 0.058 idtB 0.072 | D_A 0.130 D_B 0.173 | gG 15.70 gD 6.14 | nonfinite 0 | lr 1.47e-04 | 20.4 img/s
2026-10-03 09:42:44,749 | == epoch 39/60 done in 5.8 min | last G 3.328 D_A 0.130 D_B 0.173 | ETA 2.01 h
2026-10-03 09:43:07,166 | ep  40 it   100 step   68701 | G 3.385 advAB 0.478 advBA 0.604 cycA 0.073 cycB 0.092 idtA 0.057 idtB 0.075 | D_A 0.122 D_B 0.155 | gG 16.27 gD 5.70 | nonfinite 0 | lr 1.40e-04 | 20.3 img/s
2026-10-03 09:43:26,828 | ep  40 it   200 step   68801 | G 3.435 advAB 0.464 advBA 0.631 cycA 0.075 cycB 0.092 idtA 0.060 idtB 0.074 | D_A 0.121 D_B 0.163 | gG 17.83 gD 5.67 | nonfinite 0 | lr 1.40e-04 | 20.4 img/s
2026-10-03 09:43:46,396 | ep  40 it   300 step   68901 | G 3.423 advAB 0.487 advBA 0.640 cycA 0.075 cycB 0.089 idtA 0.060 idtB 0.071 | D_A 0.118 D_B 0.162 | gG 16.58 gD 5.72 | nonfinite 0 | lr 1.40e-04 | 20.4 img/s
2026-10-03 09:44:05,929 | ep  40 it   400 step   69001 | G 3.382 advAB 0.472 advBA 0.612 cycA 0.074 cycB 0.090 idtA 0.058 idtB 0.074 | D_A 0.126 D_B 0.161 | gG 15.03 gD 5.79 | nonfinite 0 | lr 1.40e-04 | 20.5 img/s
2026-10-03 09:44:25,519 | ep  40 it   500 step   69101 | G 3.446 advAB 0.490 advBA 0.617 cycA 0.076 cycB 0.091 idtA 0.059 idtB 0.076 | D_A 0.124 D_B 0.160 | gG 17.29 gD 5.83 | nonfinite 0 | lr 1.40e-04 | 20.4 img/s
2026-10-03 09:44:45,084 | ep  40 it   600 step   69201 | G 3.463 advAB 0.490 advBA 0.605 cycA 0.076 cycB 0.094 idtA 0.061 idtB 0.073 | D_A 0.123 D_B 0.159 | gG 17.70 gD 5.75 | nonfinite 0 | lr 1.40e-04 | 20.5 img/s
2026-10-03 09:45:04,678 | ep  40 it   700 step   69301 | G 3.449 advAB 0.490 advBA 0.623 cycA 0.075 cycB 0.091 idtA 0.060 idtB 0.075 | D_A 0.120 D_B 0.154 | gG 16.52 gD 5.76 | nonfinite 0 | lr 1.40e-04 | 20.4 img/s
2026-10-03 09:45:24,194 | ep  40 it   800 step   69401 | G 3.407 advAB 0.463 advBA 0.630 cycA 0.076 cycB 0.090 idtA 0.058 idtB 0.074 | D_A 0.127 D_B 0.165 | gG 16.81 gD 6.14 | nonfinite 0 | lr 1.40e-04 | 20.5 img/s
2026-10-03 09:45:43,807 | ep  40 it   900 step   69501 | G 3.373 advAB 0.482 advBA 0.625 cycA 0.073 cycB 0.088 idtA 0.057 idtB 0.074 | D_A 0.122 D_B 0.160 | gG 15.46 gD 5.80 | nonfinite 0 | lr 1.40e-04 | 20.4 img/s
2026-10-03 09:46:03,398 | ep  40 it  1000 step   69601 | G 3.401 advAB 0.495 advBA 0.628 cycA 0.073 cycB 0.090 idtA 0.057 idtB 0.072 | D_A 0.131 D_B 0.156 | gG 16.38 gD 6.02 | nonfinite 0 | lr 1.40e-04 | 20.4 img/s
2026-10-03 09:46:22,920 | ep  40 it  1100 step   69701 | G 3.474 advAB 0.489 advBA 0.651 cycA 0.075 cycB 0.091 idtA 0.061 idtB 0.073 | D_A 0.116 D_B 0.156 | gG 17.99 gD 5.73 | nonfinite 0 | lr 1.40e-04 | 20.5 img/s
2026-10-03 09:46:42,549 | ep  40 it  1200 step   69801 | G 3.427 advAB 0.476 advBA 0.610 cycA 0.076 cycB 0.092 idtA 0.059 idtB 0.073 | D_A 0.120 D_B 0.163 | gG 17.14 gD 5.83 | nonfinite 0 | lr 1.40e-04 | 20.4 img/s
2026-10-03 09:47:02,153 | ep  40 it  1300 step   69901 | G 3.472 advAB 0.481 advBA 0.633 cycA 0.075 cycB 0.092 idtA 0.060 idtB 0.077 | D_A 0.119 D_B 0.155 | gG 17.70 gD 5.75 | nonfinite 0 | lr 1.40e-04 | 20.4 img/s
2026-10-03 09:47:21,724 | ep  40 it  1400 step   70001 | G 3.407 advAB 0.483 advBA 0.618 cycA 0.075 cycB 0.090 idtA 0.058 idtB 0.074 | D_A 0.118 D_B 0.156 | gG 16.07 gD 5.70 | nonfinite 0 | lr 1.40e-04 | 20.4 img/s
2026-10-03 09:47:41,308 | ep  40 it  1500 step   70101 | G 4.134 advAB 0.522 advBA 0.732 cycA 0.092 cycB 0.114 idtA 0.081 idtB 0.081 | D_A 0.103 D_B 0.144 | gG 33.38 gD 5.51 | nonfinite 0 | lr 1.40e-04 | 20.4 img/s
2026-10-03 09:48:00,859 | ep  40 it  1600 step   70201 | G 3.802 advAB 0.520 advBA 0.722 cycA 0.082 cycB 0.100 idtA 0.069 idtB 0.078 | D_A 0.086 D_B 0.150 | gG 17.73 gD 5.50 | nonfinite 0 | lr 1.40e-04 | 20.5 img/s
2026-10-03 09:48:20,442 | ep  40 it  1700 step   70301 | G 3.542 advAB 0.494 advBA 0.670 cycA 0.076 cycB 0.094 idtA 0.062 idtB 0.074 | D_A 0.100 D_B 0.158 | gG 15.98 gD 5.72 | nonfinite 0 | lr 1.40e-04 | 20.4 img/s
2026-10-03 09:48:32,002 | ep  40 it  1759 step   70360 | G 3.494 advAB 0.475 advBA 0.682 cycA 0.075 cycB 0.092 idtA 0.060 idtB 0.074 | D_A 0.101 D_B 0.152 | gG 16.47 gD 5.58 | nonfinite 0 | lr 1.40e-04 | 20.4 img/s
2026-10-03 09:48:32,005 | == epoch 40/60 done in 5.8 min | last G 3.494 D_A 0.101 D_B 0.152 | ETA 1.92 h
2026-10-03 09:48:38,223 |    FID (held-out) B2A 91.76 | A2B 91.98 | avg 91.87  <-- new best (4s)
2026-10-03 09:48:59,223 | ep  41 it   100 step   70460 | G 3.490 advAB 0.516 advBA 0.664 cycA 0.074 cycB 0.091 idtA 0.060 idtB 0.073 | D_A 0.105 D_B 0.154 | gG 15.84 gD 5.82 | nonfinite 0 | lr 1.33e-04 | 20.3 img/s
2026-10-03 09:49:18,945 | ep  41 it   200 step   70560 | G 3.471 advAB 0.501 advBA 0.672 cycA 0.076 cycB 0.090 idtA 0.059 idtB 0.071 | D_A 0.106 D_B 0.153 | gG 15.74 gD 5.58 | nonfinite 0 | lr 1.33e-04 | 20.3 img/s
2026-10-03 09:49:38,680 | ep  41 it   300 step   70660 | G 3.458 advAB 0.492 advBA 0.667 cycA 0.075 cycB 0.089 idtA 0.058 idtB 0.073 | D_A 0.107 D_B 0.153 | gG 15.34 gD 5.66 | nonfinite 0 | lr 1.33e-04 | 20.3 img/s
2026-10-03 09:49:58,283 | ep  41 it   400 step   70760 | G 3.443 advAB 0.503 advBA 0.638 cycA 0.075 cycB 0.090 idtA 0.058 idtB 0.074 | D_A 0.108 D_B 0.158 | gG 15.10 gD 5.65 | nonfinite 0 | lr 1.33e-04 | 20.4 img/s
2026-10-03 09:50:17,907 | ep  41 it   500 step   70860 | G 3.387 advAB 0.493 advBA 0.649 cycA 0.073 cycB 0.087 idtA 0.056 idtB 0.071 | D_A 0.114 D_B 0.159 | gG 15.58 gD 5.91 | nonfinite 0 | lr 1.33e-04 | 20.4 img/s
2026-10-03 09:50:37,531 | ep  41 it   600 step   70960 | G 3.409 advAB 0.487 advBA 0.640 cycA 0.075 cycB 0.089 idtA 0.057 idtB 0.071 | D_A 0.116 D_B 0.157 | gG 16.89 gD 5.77 | nonfinite 0 | lr 1.33e-04 | 20.4 img/s
2026-10-03 09:50:57,094 | ep  41 it   700 step   71060 | G 3.347 advAB 0.473 advBA 0.635 cycA 0.073 cycB 0.088 idtA 0.055 idtB 0.071 | D_A 0.114 D_B 0.161 | gG 15.98 gD 5.80 | nonfinite 0 | lr 1.33e-04 | 20.5 img/s
2026-10-03 09:51:16,734 | ep  41 it   800 step   71160 | G 3.505 advAB 0.467 advBA 0.646 cycA 0.076 cycB 0.095 idtA 0.061 idtB 0.076 | D_A 0.115 D_B 0.160 | gG 20.00 gD 5.69 | nonfinite 0 | lr 1.33e-04 | 20.4 img/s
2026-10-03 09:51:36,338 | ep  41 it   900 step   71260 | G 3.627 advAB 0.500 advBA 0.674 cycA 0.078 cycB 0.098 idtA 0.065 idtB 0.074 | D_A 0.103 D_B 0.160 | gG 18.32 gD 5.78 | nonfinite 0 | lr 1.33e-04 | 20.4 img/s
2026-10-03 09:51:55,930 | ep  41 it  1000 step   71360 | G 3.440 advAB 0.474 advBA 0.666 cycA 0.075 cycB 0.089 idtA 0.060 idtB 0.070 | D_A 0.103 D_B 0.160 | gG 17.79 gD 5.97 | nonfinite 0 | lr 1.33e-04 | 20.4 img/s
2026-10-03 09:52:15,580 | ep  41 it  1100 step   71460 | G 3.444 advAB 0.481 advBA 0.689 cycA 0.074 cycB 0.089 idtA 0.057 idtB 0.072 | D_A 0.107 D_B 0.156 | gG 16.39 gD 5.79 | nonfinite 0 | lr 1.33e-04 | 20.4 img/s
2026-10-03 09:52:35,206 | ep  41 it  1200 step   71560 | G 3.361 advAB 0.469 advBA 0.658 cycA 0.073 cycB 0.087 idtA 0.057 idtB 0.069 | D_A 0.108 D_B 0.164 | gG 15.88 gD 5.84 | nonfinite 0 | lr 1.33e-04 | 20.4 img/s
2026-10-03 09:52:54,840 | ep  41 it  1300 step   71660 | G 3.445 advAB 0.467 advBA 0.652 cycA 0.073 cycB 0.093 idtA 0.056 idtB 0.077 | D_A 0.113 D_B 0.159 | gG 16.54 gD 5.86 | nonfinite 0 | lr 1.33e-04 | 20.4 img/s
2026-10-03 09:53:14,459 | ep  41 it  1400 step   71760 | G 3.354 advAB 0.488 advBA 0.671 cycA 0.072 cycB 0.085 idtA 0.056 idtB 0.068 | D_A 0.107 D_B 0.162 | gG 16.45 gD 5.87 | nonfinite 0 | lr 1.33e-04 | 20.4 img/s
2026-10-03 09:53:34,046 | ep  41 it  1500 step   71860 | G 3.363 advAB 0.488 advBA 0.647 cycA 0.073 cycB 0.087 idtA 0.056 idtB 0.071 | D_A 0.116 D_B 0.168 | gG 16.57 gD 6.21 | nonfinite 0 | lr 1.33e-04 | 20.4 img/s
2026-10-03 09:53:53,695 | ep  41 it  1600 step   71960 | G 3.364 advAB 0.469 advBA 0.657 cycA 0.073 cycB 0.087 idtA 0.056 idtB 0.071 | D_A 0.113 D_B 0.164 | gG 16.69 gD 5.80 | nonfinite 0 | lr 1.33e-04 | 20.4 img/s
2026-10-03 09:54:13,347 | ep  41 it  1700 step   72060 | G 3.394 advAB 0.480 advBA 0.656 cycA 0.072 cycB 0.089 idtA 0.055 idtB 0.074 | D_A 0.115 D_B 0.161 | gG 15.37 gD 5.83 | nonfinite 0 | lr 1.33e-04 | 20.4 img/s
2026-10-03 09:54:24,917 | ep  41 it  1759 step   72119 | G 3.348 advAB 0.467 advBA 0.619 cycA 0.074 cycB 0.088 idtA 0.057 idtB 0.071 | D_A 0.111 D_B 0.168 | gG 16.26 gD 5.86 | nonfinite 0 | lr 1.33e-04 | 20.4 img/s
2026-10-03 09:54:24,920 | == epoch 41/60 done in 5.8 min | last G 3.348 D_A 0.111 D_B 0.168 | ETA 1.82 h
2026-10-03 09:54:48,007 | ep  42 it   100 step   72219 | G 3.391 advAB 0.486 advBA 0.655 cycA 0.073 cycB 0.089 idtA 0.055 idtB 0.071 | D_A 0.108 D_B 0.161 | gG 17.06 gD 5.69 | nonfinite 0 | lr 1.27e-04 | 20.3 img/s
2026-10-03 09:55:07,717 | ep  42 it   200 step   72319 | G 3.368 advAB 0.471 advBA 0.682 cycA 0.073 cycB 0.086 idtA 0.055 idtB 0.070 | D_A 0.110 D_B 0.160 | gG 15.23 gD 5.65 | nonfinite 0 | lr 1.27e-04 | 20.3 img/s
2026-10-03 09:55:27,338 | ep  42 it   300 step   72419 | G 3.423 advAB 0.497 advBA 0.672 cycA 0.073 cycB 0.088 idtA 0.056 idtB 0.071 | D_A 0.113 D_B 0.160 | gG 16.08 gD 5.91 | nonfinite 0 | lr 1.27e-04 | 20.4 img/s
2026-10-03 09:55:46,947 | ep  42 it   400 step   72519 | G 3.345 advAB 0.473 advBA 0.648 cycA 0.074 cycB 0.085 idtA 0.056 idtB 0.071 | D_A 0.113 D_B 0.162 | gG 15.98 gD 5.94 | nonfinite 0 | lr 1.27e-04 | 20.4 img/s
2026-10-03 09:56:06,607 | ep  42 it   500 step   72619 | G 3.298 advAB 0.473 advBA 0.665 cycA 0.072 cycB 0.084 idtA 0.054 idtB 0.067 | D_A 0.113 D_B 0.163 | gG 15.68 gD 6.02 | nonfinite 0 | lr 1.27e-04 | 20.4 img/s
2026-10-03 09:56:26,269 | ep  42 it   600 step   72719 | G 3.435 advAB 0.475 advBA 0.703 cycA 0.074 cycB 0.088 idtA 0.057 idtB 0.071 | D_A 0.110 D_B 0.161 | gG 17.52 gD 5.66 | nonfinite 0 | lr 1.27e-04 | 20.4 img/s
2026-10-03 09:56:45,902 | ep  42 it   700 step   72819 | G 3.565 advAB 0.473 advBA 0.693 cycA 0.078 cycB 0.092 idtA 0.068 idtB 0.073 | D_A 0.104 D_B 0.161 | gG 16.24 gD 5.77 | nonfinite 0 | lr 1.27e-04 | 20.4 img/s
2026-10-03 09:57:05,542 | ep  42 it   800 step   72919 | G 3.396 advAB 0.482 advBA 0.642 cycA 0.073 cycB 0.089 idtA 0.057 idtB 0.073 | D_A 0.111 D_B 0.161 | gG 16.89 gD 5.83 | nonfinite 0 | lr 1.27e-04 | 20.4 img/s
2026-10-03 09:57:25,189 | ep  42 it   900 step   73019 | G 3.347 advAB 0.481 advBA 0.641 cycA 0.073 cycB 0.087 idtA 0.055 idtB 0.070 | D_A 0.119 D_B 0.160 | gG 15.81 gD 5.87 | nonfinite 0 | lr 1.27e-04 | 20.4 img/s
2026-10-03 09:57:44,892 | ep  42 it  1000 step   73119 | G 3.369 advAB 0.490 advBA 0.662 cycA 0.072 cycB 0.088 idtA 0.055 idtB 0.070 | D_A 0.117 D_B 0.157 | gG 15.59 gD 5.97 | nonfinite 0 | lr 1.27e-04 | 20.3 img/s
2026-10-03 09:58:04,655 | ep  42 it  1100 step   73219 | G 3.363 advAB 0.476 advBA 0.640 cycA 0.073 cycB 0.088 idtA 0.055 idtB 0.071 | D_A 0.116 D_B 0.161 | gG 16.16 gD 5.88 | nonfinite 0 | lr 1.27e-04 | 20.2 img/s
2026-10-03 09:58:24,330 | ep  42 it  1200 step   73319 | G 3.351 advAB 0.462 advBA 0.632 cycA 0.074 cycB 0.088 idtA 0.055 idtB 0.072 | D_A 0.113 D_B 0.170 | gG 16.34 gD 5.97 | nonfinite 0 | lr 1.27e-04 | 20.3 img/s
2026-10-03 09:58:44,057 | ep  42 it  1300 step   73419 | G 3.376 advAB 0.490 advBA 0.650 cycA 0.073 cycB 0.087 idtA 0.056 idtB 0.071 | D_A 0.106 D_B 0.162 | gG 16.31 gD 5.74 | nonfinite 0 | lr 1.27e-04 | 20.3 img/s
2026-10-03 09:59:03,779 | ep  42 it  1400 step   73519 | G 3.387 advAB 0.490 advBA 0.654 cycA 0.075 cycB 0.086 idtA 0.058 idtB 0.069 | D_A 0.111 D_B 0.158 | gG 16.97 gD 5.97 | nonfinite 0 | lr 1.27e-04 | 20.3 img/s
2026-10-03 09:59:23,460 | ep  42 it  1500 step   73619 | G 3.360 advAB 0.482 advBA 0.634 cycA 0.072 cycB 0.089 idtA 0.054 idtB 0.072 | D_A 0.112 D_B 0.161 | gG 15.76 gD 5.89 | nonfinite 0 | lr 1.27e-04 | 20.3 img/s
2026-10-03 09:59:43,183 | ep  42 it  1600 step   73719 | G 3.396 advAB 0.488 advBA 0.660 cycA 0.073 cycB 0.087 idtA 0.056 idtB 0.072 | D_A 0.108 D_B 0.160 | gG 16.05 gD 5.98 | nonfinite 0 | lr 1.27e-04 | 20.3 img/s
2026-10-03 10:00:02,862 | ep  42 it  1700 step   73819 | G 3.365 advAB 0.485 advBA 0.646 cycA 0.072 cycB 0.087 idtA 0.056 idtB 0.071 | D_A 0.111 D_B 0.158 | gG 16.96 gD 6.06 | nonfinite 0 | lr 1.27e-04 | 20.3 img/s
2026-10-03 10:00:14,447 | ep  42 it  1759 step   73878 | G 3.342 advAB 0.487 advBA 0.618 cycA 0.076 cycB 0.085 idtA 0.058 idtB 0.068 | D_A 0.117 D_B 0.163 | gG 17.22 gD 6.20 | nonfinite 0 | lr 1.27e-04 | 20.4 img/s
2026-10-03 10:00:14,449 | == epoch 42/60 done in 5.8 min | last G 3.342 D_A 0.117 D_B 0.163 | ETA 1.74 h
2026-10-03 10:00:35,915 | ep  43 it   100 step   73978 | G 3.261 advAB 0.479 advBA 0.636 cycA 0.071 cycB 0.083 idtA 0.054 idtB 0.066 | D_A 0.105 D_B 0.163 | gG 15.10 gD 5.72 | nonfinite 0 | lr 1.20e-04 | 20.2 img/s
2026-10-03 10:00:55,715 | ep  43 it   200 step   74078 | G 3.451 advAB 0.515 advBA 0.668 cycA 0.075 cycB 0.087 idtA 0.057 idtB 0.072 | D_A 0.110 D_B 0.148 | gG 17.67 gD 5.61 | nonfinite 0 | lr 1.20e-04 | 20.2 img/s
2026-10-03 10:01:15,328 | ep  43 it   300 step   74178 | G 3.441 advAB 0.487 advBA 0.669 cycA 0.074 cycB 0.090 idtA 0.057 idtB 0.072 | D_A 0.107 D_B 0.160 | gG 18.55 gD 5.90 | nonfinite 0 | lr 1.20e-04 | 20.4 img/s
2026-10-03 10:01:34,994 | ep  43 it   400 step   74278 | G 3.531 advAB 0.505 advBA 0.669 cycA 0.078 cycB 0.091 idtA 0.062 idtB 0.071 | D_A 0.102 D_B 0.157 | gG 19.18 gD 5.93 | nonfinite 0 | lr 1.20e-04 | 20.3 img/s
2026-10-03 10:01:54,673 | ep  43 it   500 step   74378 | G 3.481 advAB 0.473 advBA 0.680 cycA 0.076 cycB 0.090 idtA 0.061 idtB 0.073 | D_A 0.100 D_B 0.154 | gG 19.04 gD 5.52 | nonfinite 0 | lr 1.20e-04 | 20.3 img/s
2026-10-03 10:02:14,346 | ep  43 it   600 step   74478 | G 3.405 advAB 0.477 advBA 0.683 cycA 0.074 cycB 0.087 idtA 0.057 idtB 0.070 | D_A 0.101 D_B 0.167 | gG 16.71 gD 5.97 | nonfinite 0 | lr 1.20e-04 | 20.3 img/s
2026-10-03 10:02:34,011 | ep  43 it   700 step   74578 | G 3.341 advAB 0.474 advBA 0.669 cycA 0.073 cycB 0.084 idtA 0.056 idtB 0.068 | D_A 0.105 D_B 0.164 | gG 15.69 gD 5.83 | nonfinite 0 | lr 1.20e-04 | 20.3 img/s
2026-10-03 10:02:53,667 | ep  43 it   800 step   74678 | G 3.388 advAB 0.465 advBA 0.669 cycA 0.074 cycB 0.088 idtA 0.057 idtB 0.069 | D_A 0.102 D_B 0.160 | gG 18.36 gD 5.80 | nonfinite 0 | lr 1.20e-04 | 20.4 img/s
2026-10-03 10:03:13,296 | ep  43 it   900 step   74778 | G 3.502 advAB 0.484 advBA 0.694 cycA 0.075 cycB 0.091 idtA 0.058 idtB 0.074 | D_A 0.105 D_B 0.158 | gG 18.74 gD 5.88 | nonfinite 0 | lr 1.20e-04 | 20.4 img/s
2026-10-03 10:03:32,946 | ep  43 it  1000 step   74878 | G 3.426 advAB 0.469 advBA 0.665 cycA 0.075 cycB 0.090 idtA 0.057 idtB 0.071 | D_A 0.111 D_B 0.159 | gG 17.02 gD 5.92 | nonfinite 0 | lr 1.20e-04 | 20.4 img/s
2026-10-03 10:03:52,559 | ep  43 it  1100 step   74978 | G 3.377 advAB 0.470 advBA 0.671 cycA 0.073 cycB 0.087 idtA 0.056 idtB 0.070 | D_A 0.105 D_B 0.163 | gG 18.78 gD 5.96 | nonfinite 0 | lr 1.20e-04 | 20.4 img/s
2026-10-03 10:04:12,124 | ep  43 it  1200 step   75078 | G 3.443 advAB 0.495 advBA 0.675 cycA 0.073 cycB 0.090 idtA 0.056 idtB 0.072 | D_A 0.110 D_B 0.154 | gG 17.89 gD 5.90 | nonfinite 0 | lr 1.20e-04 | 20.5 img/s
2026-10-03 10:04:31,793 | ep  43 it  1300 step   75178 | G 3.497 advAB 0.500 advBA 0.688 cycA 0.074 cycB 0.089 idtA 0.066 idtB 0.069 | D_A 0.104 D_B 0.151 | gG 17.41 gD 5.93 | nonfinite 0 | lr 1.20e-04 | 20.3 img/s
2026-10-03 10:04:51,401 | ep  43 it  1400 step   75278 | G 3.478 advAB 0.488 advBA 0.648 cycA 0.075 cycB 0.091 idtA 0.063 idtB 0.073 | D_A 0.110 D_B 0.160 | gG 17.41 gD 6.09 | nonfinite 0 | lr 1.20e-04 | 20.4 img/s
2026-10-03 10:05:11,149 | ep  43 it  1500 step   75378 | G 3.384 advAB 0.469 advBA 0.663 cycA 0.072 cycB 0.089 idtA 0.056 idtB 0.072 | D_A 0.114 D_B 0.163 | gG 17.75 gD 6.18 | nonfinite 0 | lr 1.20e-04 | 20.3 img/s
2026-10-03 10:05:30,894 | ep  43 it  1600 step   75478 | G 3.407 advAB 0.483 advBA 0.640 cycA 0.074 cycB 0.090 idtA 0.057 idtB 0.071 | D_A 0.117 D_B 0.159 | gG 16.77 gD 5.99 | nonfinite 0 | lr 1.20e-04 | 20.3 img/s
2026-10-03 10:05:50,517 | ep  43 it  1700 step   75578 | G 3.335 advAB 0.473 advBA 0.640 cycA 0.073 cycB 0.087 idtA 0.055 idtB 0.069 | D_A 0.109 D_B 0.162 | gG 18.01 gD 5.97 | nonfinite 0 | lr 1.20e-04 | 20.4 img/s
2026-10-03 10:06:02,154 | ep  43 it  1759 step   75637 | G 3.283 advAB 0.471 advBA 0.648 cycA 0.072 cycB 0.084 idtA 0.055 idtB 0.066 | D_A 0.118 D_B 0.160 | gG 14.59 gD 6.38 | nonfinite 0 | lr 1.20e-04 | 20.3 img/s
2026-10-03 10:06:02,157 | == epoch 43/60 done in 5.8 min | last G 3.283 D_A 0.118 D_B 0.160 | ETA 1.63 h
2026-10-03 10:06:23,904 | ep  44 it   100 step   75737 | G 3.317 advAB 0.491 advBA 0.643 cycA 0.071 cycB 0.086 idtA 0.054 idtB 0.068 | D_A 0.107 D_B 0.153 | gG 16.33 gD 6.13 | nonfinite 0 | lr 1.13e-04 | 20.2 img/s
2026-10-03 10:06:43,683 | ep  44 it   200 step   75837 | G 3.444 advAB 0.480 advBA 0.691 cycA 0.073 cycB 0.090 idtA 0.056 idtB 0.071 | D_A 0.103 D_B 0.161 | gG 18.71 gD 5.84 | nonfinite 0 | lr 1.13e-04 | 20.2 img/s
2026-10-03 10:07:03,383 | ep  44 it   300 step   75937 | G 3.338 advAB 0.476 advBA 0.667 cycA 0.073 cycB 0.085 idtA 0.055 idtB 0.069 | D_A 0.107 D_B 0.159 | gG 16.22 gD 5.89 | nonfinite 0 | lr 1.13e-04 | 20.3 img/s
2026-10-03 10:07:22,989 | ep  44 it   400 step   76037 | G 3.353 advAB 0.472 advBA 0.665 cycA 0.072 cycB 0.087 idtA 0.055 idtB 0.070 | D_A 0.108 D_B 0.161 | gG 17.18 gD 5.82 | nonfinite 0 | lr 1.13e-04 | 20.4 img/s
2026-10-03 10:07:42,612 | ep  44 it   500 step   76137 | G 3.355 advAB 0.482 advBA 0.666 cycA 0.073 cycB 0.085 idtA 0.056 idtB 0.068 | D_A 0.110 D_B 0.162 | gG 19.41 gD 6.10 | nonfinite 0 | lr 1.13e-04 | 20.4 img/s
2026-10-03 10:08:02,246 | ep  44 it   600 step   76237 | G 3.473 advAB 0.505 advBA 0.691 cycA 0.075 cycB 0.089 idtA 0.058 idtB 0.069 | D_A 0.102 D_B 0.151 | gG 18.46 gD 5.79 | nonfinite 0 | lr 1.13e-04 | 20.4 img/s
2026-10-03 10:08:21,936 | ep  44 it   700 step   76337 | G 3.355 advAB 0.493 advBA 0.656 cycA 0.072 cycB 0.087 idtA 0.055 idtB 0.069 | D_A 0.111 D_B 0.160 | gG 17.37 gD 6.29 | nonfinite 0 | lr 1.13e-04 | 20.3 img/s
2026-10-03 10:08:41,584 | ep  44 it   800 step   76437 | G 3.447 advAB 0.479 advBA 0.697 cycA 0.073 cycB 0.090 idtA 0.056 idtB 0.072 | D_A 0.109 D_B 0.157 | gG 18.35 gD 6.20 | nonfinite 0 | lr 1.13e-04 | 20.4 img/s
2026-10-03 10:09:01,185 | ep  44 it   900 step   76537 | G 3.488 advAB 0.503 advBA 0.724 cycA 0.075 cycB 0.087 idtA 0.059 idtB 0.070 | D_A 0.100 D_B 0.155 | gG 17.77 gD 6.14 | nonfinite 0 | lr 1.13e-04 | 20.4 img/s
2026-10-03 10:09:20,801 | ep  44 it  1000 step   76637 | G 3.439 advAB 0.494 advBA 0.678 cycA 0.073 cycB 0.090 idtA 0.054 idtB 0.073 | D_A 0.105 D_B 0.155 | gG 17.36 gD 6.04 | nonfinite 0 | lr 1.13e-04 | 20.4 img/s
2026-10-03 10:09:40,438 | ep  44 it  1100 step   76737 | G 3.372 advAB 0.483 advBA 0.661 cycA 0.073 cycB 0.086 idtA 0.057 idtB 0.070 | D_A 0.110 D_B 0.160 | gG 16.99 gD 6.00 | nonfinite 0 | lr 1.13e-04 | 20.4 img/s
2026-10-03 10:10:00,083 | ep  44 it  1200 step   76837 | G 3.386 advAB 0.468 advBA 0.660 cycA 0.072 cycB 0.090 idtA 0.055 idtB 0.072 | D_A 0.105 D_B 0.160 | gG 16.84 gD 6.02 | nonfinite 0 | lr 1.13e-04 | 20.4 img/s
2026-10-03 10:10:19,712 | ep  44 it  1300 step   76937 | G 3.367 advAB 0.495 advBA 0.669 cycA 0.071 cycB 0.087 idtA 0.054 idtB 0.071 | D_A 0.103 D_B 0.158 | gG 16.67 gD 6.07 | nonfinite 0 | lr 1.13e-04 | 20.4 img/s
2026-10-03 10:10:39,403 | ep  44 it  1400 step   77037 | G 3.337 advAB 0.484 advBA 0.665 cycA 0.073 cycB 0.084 idtA 0.056 idtB 0.067 | D_A 0.107 D_B 0.159 | gG 17.32 gD 6.05 | nonfinite 0 | lr 1.13e-04 | 20.3 img/s
2026-10-03 10:10:59,055 | ep  44 it  1500 step   77137 | G 3.372 advAB 0.485 advBA 0.653 cycA 0.074 cycB 0.087 idtA 0.057 idtB 0.068 | D_A 0.107 D_B 0.161 | gG 17.57 gD 6.22 | nonfinite 0 | lr 1.13e-04 | 20.4 img/s
2026-10-03 10:11:18,737 | ep  44 it  1600 step   77237 | G 3.409 advAB 0.487 advBA 0.667 cycA 0.074 cycB 0.088 idtA 0.056 idtB 0.071 | D_A 0.101 D_B 0.160 | gG 16.61 gD 5.90 | nonfinite 0 | lr 1.13e-04 | 20.3 img/s
2026-10-03 10:11:38,341 | ep  44 it  1700 step   77337 | G 3.415 advAB 0.489 advBA 0.678 cycA 0.073 cycB 0.088 idtA 0.055 idtB 0.073 | D_A 0.100 D_B 0.162 | gG 17.03 gD 6.07 | nonfinite 0 | lr 1.13e-04 | 20.4 img/s
2026-10-03 10:11:49,931 | ep  44 it  1759 step   77396 | G 3.365 advAB 0.499 advBA 0.667 cycA 0.072 cycB 0.086 idtA 0.055 idtB 0.069 | D_A 0.101 D_B 0.156 | gG 16.83 gD 5.93 | nonfinite 0 | lr 1.13e-04 | 20.4 img/s
2026-10-03 10:11:49,933 | == epoch 44/60 done in 5.8 min | last G 3.365 D_A 0.101 D_B 0.156 | ETA 1.54 h
2026-10-03 10:12:11,826 | ep  45 it   100 step   77496 | G 3.353 advAB 0.478 advBA 0.667 cycA 0.073 cycB 0.085 idtA 0.056 idtB 0.070 | D_A 0.098 D_B 0.157 | gG 16.23 gD 5.53 | nonfinite 0 | lr 1.07e-04 | 20.3 img/s
2026-10-03 10:12:31,599 | ep  45 it   200 step   77596 | G 3.290 advAB 0.479 advBA 0.641 cycA 0.071 cycB 0.085 idtA 0.054 idtB 0.070 | D_A 0.106 D_B 0.162 | gG 15.70 gD 6.00 | nonfinite 0 | lr 1.07e-04 | 20.2 img/s
2026-10-03 10:12:51,373 | ep  45 it   300 step   77696 | G 3.374 advAB 0.490 advBA 0.691 cycA 0.072 cycB 0.086 idtA 0.055 idtB 0.069 | D_A 0.111 D_B 0.155 | gG 16.68 gD 6.16 | nonfinite 0 | lr 1.07e-04 | 20.2 img/s
2026-10-03 10:13:11,193 | ep  45 it   400 step   77796 | G 3.340 advAB 0.493 advBA 0.647 cycA 0.074 cycB 0.084 idtA 0.056 idtB 0.067 | D_A 0.108 D_B 0.160 | gG 16.51 gD 6.14 | nonfinite 0 | lr 1.07e-04 | 20.2 img/s
2026-10-03 10:13:30,897 | ep  45 it   500 step   77896 | G 3.316 advAB 0.490 advBA 0.638 cycA 0.072 cycB 0.086 idtA 0.055 idtB 0.067 | D_A 0.109 D_B 0.166 | gG 17.36 gD 6.15 | nonfinite 0 | lr 1.07e-04 | 20.3 img/s
2026-10-03 10:13:50,743 | ep  45 it   600 step   77996 | G 3.319 advAB 0.478 advBA 0.645 cycA 0.072 cycB 0.085 idtA 0.054 idtB 0.069 | D_A 0.109 D_B 0.166 | gG 16.38 gD 6.12 | nonfinite 0 | lr 1.07e-04 | 20.2 img/s
2026-10-03 10:14:10,430 | ep  45 it   700 step   78096 | G 3.314 advAB 0.460 advBA 0.682 cycA 0.072 cycB 0.084 idtA 0.056 idtB 0.067 | D_A 0.111 D_B 0.163 | gG 17.59 gD 5.94 | nonfinite 0 | lr 1.07e-04 | 20.3 img/s
2026-10-03 10:14:30,115 | ep  45 it   800 step   78196 | G 3.290 advAB 0.474 advBA 0.664 cycA 0.072 cycB 0.083 idtA 0.054 idtB 0.066 | D_A 0.106 D_B 0.164 | gG 15.69 gD 6.31 | nonfinite 0 | lr 1.07e-04 | 20.3 img/s
2026-10-03 10:14:49,818 | ep  45 it   900 step   78296 | G 3.347 advAB 0.488 advBA 0.663 cycA 0.073 cycB 0.086 idtA 0.054 idtB 0.069 | D_A 0.112 D_B 0.158 | gG 16.18 gD 6.18 | nonfinite 0 | lr 1.07e-04 | 20.3 img/s
2026-10-03 10:15:09,479 | ep  45 it  1000 step   78396 | G 3.281 advAB 0.490 advBA 0.636 cycA 0.072 cycB 0.084 idtA 0.054 idtB 0.066 | D_A 0.112 D_B 0.163 | gG 17.04 gD 6.27 | nonfinite 0 | lr 1.07e-04 | 20.4 img/s
2026-10-03 10:15:29,232 | ep  45 it  1100 step   78496 | G 3.342 advAB 0.485 advBA 0.666 cycA 0.072 cycB 0.086 idtA 0.055 idtB 0.068 | D_A 0.104 D_B 0.160 | gG 16.55 gD 6.15 | nonfinite 0 | lr 1.07e-04 | 20.3 img/s
2026-10-03 10:15:48,912 | ep  45 it  1200 step   78596 | G 3.347 advAB 0.493 advBA 0.660 cycA 0.072 cycB 0.085 idtA 0.054 idtB 0.070 | D_A 0.110 D_B 0.156 | gG 18.67 gD 6.11 | nonfinite 0 | lr 1.07e-04 | 20.3 img/s
2026-10-03 10:16:08,565 | ep  45 it  1300 step   78696 | G 3.349 advAB 0.479 advBA 0.667 cycA 0.073 cycB 0.085 idtA 0.054 idtB 0.069 | D_A 0.105 D_B 0.162 | gG 15.99 gD 5.97 | nonfinite 0 | lr 1.07e-04 | 20.4 img/s
2026-10-03 10:16:28,218 | ep  45 it  1400 step   78796 | G 3.327 advAB 0.483 advBA 0.649 cycA 0.073 cycB 0.085 idtA 0.054 idtB 0.069 | D_A 0.114 D_B 0.160 | gG 16.88 gD 6.36 | nonfinite 0 | lr 1.07e-04 | 20.4 img/s
2026-10-03 10:16:47,886 | ep  45 it  1500 step   78896 | G 3.306 advAB 0.477 advBA 0.645 cycA 0.072 cycB 0.085 idtA 0.054 idtB 0.068 | D_A 0.115 D_B 0.159 | gG 17.06 gD 6.37 | nonfinite 0 | lr 1.07e-04 | 20.3 img/s
2026-10-03 10:17:07,524 | ep  45 it  1600 step   78996 | G 3.340 advAB 0.502 advBA 0.635 cycA 0.072 cycB 0.086 idtA 0.055 idtB 0.070 | D_A 0.112 D_B 0.162 | gG 16.47 gD 6.08 | nonfinite 0 | lr 1.07e-04 | 20.4 img/s
2026-10-03 10:17:27,133 | ep  45 it  1700 step   79096 | G 3.326 advAB 0.474 advBA 0.639 cycA 0.073 cycB 0.086 idtA 0.055 idtB 0.070 | D_A 0.115 D_B 0.167 | gG 15.83 gD 6.30 | nonfinite 0 | lr 1.07e-04 | 20.4 img/s
2026-10-03 10:17:38,727 | ep  45 it  1759 step   79155 | G 3.282 advAB 0.484 advBA 0.640 cycA 0.071 cycB 0.085 idtA 0.054 idtB 0.066 | D_A 0.113 D_B 0.169 | gG 18.25 gD 6.42 | nonfinite 0 | lr 1.07e-04 | 20.4 img/s
2026-10-03 10:17:38,730 | == epoch 45/60 done in 5.8 min | last G 3.282 D_A 0.113 D_B 0.169 | ETA 1.45 h
2026-10-03 10:17:47,557 |    FID (held-out) B2A 92.86 | A2B 91.11 | avg 91.99 (8s)
2026-10-03 10:18:08,944 | ep  46 it   100 step   79255 | G 3.241 advAB 0.467 advBA 0.650 cycA 0.071 cycB 0.082 idtA 0.053 idtB 0.066 | D_A 0.110 D_B 0.161 | gG 15.46 gD 5.90 | nonfinite 0 | lr 1.00e-04 | 20.4 img/s
2026-10-03 10:18:28,726 | ep  46 it   200 step   79355 | G 3.320 advAB 0.496 advBA 0.680 cycA 0.072 cycB 0.083 idtA 0.055 idtB 0.065 | D_A 0.111 D_B 0.158 | gG 17.39 gD 6.34 | nonfinite 0 | lr 1.00e-04 | 20.2 img/s
2026-10-03 10:18:48,400 | ep  46 it   300 step   79455 | G 3.267 advAB 0.476 advBA 0.631 cycA 0.072 cycB 0.084 idtA 0.053 idtB 0.066 | D_A 0.109 D_B 0.157 | gG 16.69 gD 5.97 | nonfinite 0 | lr 1.00e-04 | 20.3 img/s
2026-10-03 10:19:08,057 | ep  46 it   400 step   79555 | G 3.276 advAB 0.461 advBA 0.647 cycA 0.073 cycB 0.084 idtA 0.053 idtB 0.067 | D_A 0.112 D_B 0.166 | gG 15.99 gD 6.21 | nonfinite 0 | lr 1.00e-04 | 20.4 img/s
2026-10-03 10:19:27,787 | ep  46 it   500 step   79655 | G 3.247 advAB 0.467 advBA 0.657 cycA 0.071 cycB 0.082 idtA 0.053 idtB 0.066 | D_A 0.112 D_B 0.160 | gG 16.08 gD 6.18 | nonfinite 0 | lr 1.00e-04 | 20.3 img/s
2026-10-03 10:19:47,517 | ep  46 it   600 step   79755 | G 3.322 advAB 0.500 advBA 0.670 cycA 0.072 cycB 0.083 idtA 0.054 idtB 0.067 | D_A 0.118 D_B 0.157 | gG 15.91 gD 6.33 | nonfinite 0 | lr 1.00e-04 | 20.3 img/s
2026-10-03 10:20:07,230 | ep  46 it   700 step   79855 | G 3.332 advAB 0.489 advBA 0.660 cycA 0.072 cycB 0.085 idtA 0.055 idtB 0.068 | D_A 0.109 D_B 0.164 | gG 15.54 gD 6.24 | nonfinite 0 | lr 1.00e-04 | 20.3 img/s
2026-10-03 10:20:26,925 | ep  46 it   800 step   79955 | G 3.305 advAB 0.468 advBA 0.662 cycA 0.073 cycB 0.084 idtA 0.055 idtB 0.066 | D_A 0.114 D_B 0.166 | gG 17.08 gD 6.29 | nonfinite 0 | lr 1.00e-04 | 20.3 img/s
2026-10-03 10:20:46,673 | ep  46 it   900 step   80055 | G 3.366 advAB 0.482 advBA 0.677 cycA 0.073 cycB 0.086 idtA 0.055 idtB 0.069 | D_A 0.109 D_B 0.158 | gG 16.63 gD 6.18 | nonfinite 0 | lr 1.00e-04 | 20.3 img/s
2026-10-03 10:21:06,426 | ep  46 it  1000 step   80155 | G 3.289 advAB 0.477 advBA 0.635 cycA 0.071 cycB 0.085 idtA 0.053 idtB 0.069 | D_A 0.114 D_B 0.161 | gG 15.98 gD 6.28 | nonfinite 0 | lr 1.00e-04 | 20.3 img/s
2026-10-03 10:21:26,135 | ep  46 it  1100 step   80255 | G 3.244 advAB 0.467 advBA 0.650 cycA 0.071 cycB 0.083 idtA 0.052 idtB 0.066 | D_A 0.113 D_B 0.166 | gG 15.55 gD 6.28 | nonfinite 0 | lr 1.00e-04 | 20.3 img/s
2026-10-03 10:21:45,829 | ep  46 it  1200 step   80355 | G 3.317 advAB 0.478 advBA 0.650 cycA 0.072 cycB 0.087 idtA 0.053 idtB 0.068 | D_A 0.111 D_B 0.166 | gG 18.61 gD 6.29 | nonfinite 0 | lr 1.00e-04 | 20.3 img/s
2026-10-03 10:22:05,547 | ep  46 it  1300 step   80455 | G 3.326 advAB 0.492 advBA 0.663 cycA 0.071 cycB 0.085 idtA 0.053 idtB 0.068 | D_A 0.111 D_B 0.159 | gG 15.69 gD 6.16 | nonfinite 0 | lr 1.00e-04 | 20.3 img/s
2026-10-03 10:22:25,250 | ep  46 it  1400 step   80555 | G 3.300 advAB 0.471 advBA 0.651 cycA 0.071 cycB 0.086 idtA 0.053 idtB 0.068 | D_A 0.110 D_B 0.160 | gG 15.78 gD 6.18 | nonfinite 0 | lr 1.00e-04 | 20.3 img/s
2026-10-03 10:22:44,943 | ep  46 it  1500 step   80655 | G 3.288 advAB 0.472 advBA 0.643 cycA 0.073 cycB 0.085 idtA 0.053 idtB 0.067 | D_A 0.109 D_B 0.171 | gG 16.56 gD 6.39 | nonfinite 0 | lr 1.00e-04 | 20.3 img/s
2026-10-03 10:23:04,653 | ep  46 it  1600 step   80755 | G 3.345 advAB 0.492 advBA 0.687 cycA 0.072 cycB 0.085 idtA 0.054 idtB 0.066 | D_A 0.107 D_B 0.157 | gG 17.39 gD 6.18 | nonfinite 0 | lr 1.00e-04 | 20.3 img/s
2026-10-03 10:23:24,347 | ep  46 it  1700 step   80855 | G 3.299 advAB 0.465 advBA 0.640 cycA 0.072 cycB 0.086 idtA 0.054 idtB 0.067 | D_A 0.113 D_B 0.160 | gG 17.19 gD 6.35 | nonfinite 0 | lr 1.00e-04 | 20.3 img/s
2026-10-03 10:23:35,956 | ep  46 it  1759 step   80914 | G 3.389 advAB 0.483 advBA 0.720 cycA 0.074 cycB 0.085 idtA 0.055 idtB 0.066 | D_A 0.114 D_B 0.162 | gG 25.63 gD 6.59 | nonfinite 0 | lr 1.00e-04 | 20.3 img/s
2026-10-03 10:23:35,959 | == epoch 46/60 done in 5.8 min | last G 3.389 D_A 0.114 D_B 0.162 | ETA 1.35 h
2026-10-03 10:23:57,599 | ep  47 it   100 step   81014 | G 3.408 advAB 0.486 advBA 0.727 cycA 0.073 cycB 0.087 idtA 0.054 idtB 0.066 | D_A 0.095 D_B 0.157 | gG 16.57 gD 6.08 | nonfinite 0 | lr 9.33e-05 | 20.1 img/s
2026-10-03 10:24:17,444 | ep  47 it   200 step   81114 | G 3.480 advAB 0.477 advBA 0.739 cycA 0.075 cycB 0.089 idtA 0.058 idtB 0.067 | D_A 0.088 D_B 0.165 | gG 19.48 gD 6.26 | nonfinite 0 | lr 9.33e-05 | 20.2 img/s
2026-10-03 10:24:37,213 | ep  47 it   300 step   81214 | G 3.392 advAB 0.492 advBA 0.711 cycA 0.073 cycB 0.084 idtA 0.058 idtB 0.067 | D_A 0.090 D_B 0.159 | gG 15.88 gD 5.89 | nonfinite 0 | lr 9.33e-05 | 20.2 img/s
2026-10-03 10:24:56,941 | ep  47 it   400 step   81314 | G 3.306 advAB 0.472 advBA 0.680 cycA 0.071 cycB 0.084 idtA 0.054 idtB 0.066 | D_A 0.108 D_B 0.162 | gG 16.21 gD 6.15 | nonfinite 0 | lr 9.33e-05 | 20.3 img/s
2026-10-03 10:25:16,748 | ep  47 it   500 step   81414 | G 3.296 advAB 0.481 advBA 0.654 cycA 0.071 cycB 0.085 idtA 0.053 idtB 0.069 | D_A 0.107 D_B 0.159 | gG 15.93 gD 6.21 | nonfinite 0 | lr 9.33e-05 | 20.2 img/s
2026-10-03 10:25:36,561 | ep  47 it   600 step   81514 | G 3.311 advAB 0.487 advBA 0.681 cycA 0.073 cycB 0.082 idtA 0.055 idtB 0.066 | D_A 0.106 D_B 0.165 | gG 16.75 gD 6.27 | nonfinite 0 | lr 9.33e-05 | 20.2 img/s
2026-10-03 10:25:56,475 | ep  47 it   700 step   81614 | G 3.306 advAB 0.479 advBA 0.654 cycA 0.074 cycB 0.082 idtA 0.057 idtB 0.066 | D_A 0.108 D_B 0.158 | gG 17.64 gD 6.30 | nonfinite 0 | lr 9.33e-05 | 20.1 img/s
2026-10-03 10:26:16,487 | ep  47 it   800 step   81714 | G 3.279 advAB 0.488 advBA 0.676 cycA 0.072 cycB 0.081 idtA 0.053 idtB 0.064 | D_A 0.113 D_B 0.162 | gG 15.32 gD 6.44 | nonfinite 0 | lr 9.33e-05 | 20.0 img/s
2026-10-03 10:26:36,473 | ep  47 it   900 step   81814 | G 3.288 advAB 0.484 advBA 0.663 cycA 0.071 cycB 0.084 idtA 0.054 idtB 0.065 | D_A 0.107 D_B 0.154 | gG 17.33 gD 6.15 | nonfinite 0 | lr 9.33e-05 | 20.0 img/s
2026-10-03 10:26:56,422 | ep  47 it  1000 step   81914 | G 3.231 advAB 0.471 advBA 0.640 cycA 0.072 cycB 0.081 idtA 0.053 idtB 0.064 | D_A 0.118 D_B 0.167 | gG 15.41 gD 6.69 | nonfinite 0 | lr 9.33e-05 | 20.1 img/s
2026-10-03 10:27:16,280 | ep  47 it  1100 step   82014 | G 3.338 advAB 0.482 advBA 0.651 cycA 0.073 cycB 0.087 idtA 0.055 idtB 0.066 | D_A 0.112 D_B 0.160 | gG 17.23 gD 6.67 | nonfinite 0 | lr 9.33e-05 | 20.1 img/s
2026-10-03 10:27:36,154 | ep  47 it  1200 step   82114 | G 3.304 advAB 0.452 advBA 0.663 cycA 0.072 cycB 0.087 idtA 0.054 idtB 0.068 | D_A 0.111 D_B 0.167 | gG 16.63 gD 6.50 | nonfinite 0 | lr 9.33e-05 | 20.1 img/s
2026-10-03 10:27:56,010 | ep  47 it  1300 step   82214 | G 3.259 advAB 0.489 advBA 0.633 cycA 0.072 cycB 0.083 idtA 0.054 idtB 0.065 | D_A 0.114 D_B 0.160 | gG 15.67 gD 6.52 | nonfinite 0 | lr 9.33e-05 | 20.2 img/s
2026-10-03 10:28:15,887 | ep  47 it  1400 step   82314 | G 3.408 advAB 0.493 advBA 0.695 cycA 0.074 cycB 0.087 idtA 0.056 idtB 0.067 | D_A 0.109 D_B 0.157 | gG 20.19 gD 6.49 | nonfinite 0 | lr 9.33e-05 | 20.1 img/s
2026-10-03 10:28:35,799 | ep  47 it  1500 step   82414 | G 3.395 advAB 0.488 advBA 0.681 cycA 0.074 cycB 0.088 idtA 0.055 idtB 0.067 | D_A 0.105 D_B 0.158 | gG 18.88 gD 6.30 | nonfinite 0 | lr 9.33e-05 | 20.1 img/s
2026-10-03 10:28:55,688 | ep  47 it  1600 step   82514 | G 3.397 advAB 0.487 advBA 0.684 cycA 0.074 cycB 0.087 idtA 0.056 idtB 0.067 | D_A 0.108 D_B 0.162 | gG 18.58 gD 6.45 | nonfinite 0 | lr 9.33e-05 | 20.1 img/s
2026-10-03 10:29:15,705 | ep  47 it  1700 step   82614 | G 3.309 advAB 0.479 advBA 0.670 cycA 0.072 cycB 0.085 idtA 0.053 idtB 0.066 | D_A 0.107 D_B 0.162 | gG 16.47 gD 6.23 | nonfinite 0 | lr 9.33e-05 | 20.0 img/s
2026-10-03 10:29:27,527 | ep  47 it  1759 step   82673 | G 3.332 advAB 0.480 advBA 0.650 cycA 0.072 cycB 0.086 idtA 0.055 idtB 0.070 | D_A 0.119 D_B 0.159 | gG 17.07 gD 7.00 | nonfinite 0 | lr 9.33e-05 | 20.0 img/s
2026-10-03 10:29:27,530 | == epoch 47/60 done in 5.8 min | last G 3.332 D_A 0.119 D_B 0.159 | ETA 1.26 h
2026-10-03 10:29:49,673 | ep  48 it   100 step   82773 | G 3.299 advAB 0.503 advBA 0.653 cycA 0.072 cycB 0.083 idtA 0.053 idtB 0.066 | D_A 0.107 D_B 0.157 | gG 15.80 gD 6.32 | nonfinite 0 | lr 8.67e-05 | 20.0 img/s
2026-10-03 10:30:09,897 | ep  48 it   200 step   82873 | G 3.297 advAB 0.491 advBA 0.665 cycA 0.071 cycB 0.083 idtA 0.052 idtB 0.068 | D_A 0.102 D_B 0.155 | gG 19.03 gD 6.24 | nonfinite 0 | lr 8.67e-05 | 19.8 img/s
2026-10-03 10:30:29,908 | ep  48 it   300 step   82973 | G 3.332 advAB 0.495 advBA 0.687 cycA 0.073 cycB 0.082 idtA 0.054 idtB 0.066 | D_A 0.107 D_B 0.155 | gG 17.11 gD 6.41 | nonfinite 0 | lr 8.67e-05 | 20.0 img/s
2026-10-03 10:30:49,910 | ep  48 it   400 step   83073 | G 3.246 advAB 0.479 advBA 0.653 cycA 0.071 cycB 0.082 idtA 0.052 idtB 0.066 | D_A 0.113 D_B 0.163 | gG 15.10 gD 6.89 | nonfinite 0 | lr 8.67e-05 | 20.0 img/s
2026-10-03 10:31:10,024 | ep  48 it   500 step   83173 | G 3.247 advAB 0.486 advBA 0.661 cycA 0.070 cycB 0.082 idtA 0.051 idtB 0.067 | D_A 0.107 D_B 0.160 | gG 16.38 gD 6.36 | nonfinite 0 | lr 8.67e-05 | 19.9 img/s
2026-10-03 10:31:30,151 | ep  48 it   600 step   83273 | G 3.316 advAB 0.495 advBA 0.692 cycA 0.072 cycB 0.082 idtA 0.053 idtB 0.065 | D_A 0.101 D_B 0.157 | gG 16.80 gD 6.44 | nonfinite 0 | lr 8.67e-05 | 19.9 img/s
2026-10-03 10:31:50,189 | ep  48 it   700 step   83373 | G 3.284 advAB 0.479 advBA 0.677 cycA 0.071 cycB 0.082 idtA 0.053 idtB 0.066 | D_A 0.109 D_B 0.161 | gG 15.11 gD 6.67 | nonfinite 0 | lr 8.67e-05 | 20.0 img/s
2026-10-03 10:32:10,321 | ep  48 it   800 step   83473 | G 3.250 advAB 0.469 advBA 0.663 cycA 0.069 cycB 0.084 idtA 0.051 idtB 0.067 | D_A 0.112 D_B 0.163 | gG 15.46 gD 6.48 | nonfinite 0 | lr 8.67e-05 | 19.9 img/s
2026-10-03 10:32:30,355 | ep  48 it   900 step   83573 | G 3.273 advAB 0.485 advBA 0.653 cycA 0.071 cycB 0.084 idtA 0.053 idtB 0.065 | D_A 0.104 D_B 0.165 | gG 15.93 gD 6.42 | nonfinite 0 | lr 8.67e-05 | 20.0 img/s
2026-10-03 10:32:50,412 | ep  48 it  1000 step   83673 | G 3.344 advAB 0.503 advBA 0.670 cycA 0.072 cycB 0.085 idtA 0.053 idtB 0.068 | D_A 0.111 D_B 0.156 | gG 16.83 gD 6.44 | nonfinite 0 | lr 8.67e-05 | 20.0 img/s
2026-10-03 10:33:10,505 | ep  48 it  1100 step   83773 | G 3.304 advAB 0.480 advBA 0.685 cycA 0.071 cycB 0.084 idtA 0.053 idtB 0.064 | D_A 0.112 D_B 0.163 | gG 17.55 gD 6.56 | nonfinite 0 | lr 8.67e-05 | 19.9 img/s
2026-10-03 10:33:30,640 | ep  48 it  1200 step   83873 | G 3.221 advAB 0.483 advBA 0.658 cycA 0.070 cycB 0.081 idtA 0.052 idtB 0.063 | D_A 0.109 D_B 0.168 | gG 15.22 gD 6.68 | nonfinite 0 | lr 8.67e-05 | 19.9 img/s
2026-10-03 10:33:50,799 | ep  48 it  1300 step   83973 | G 3.269 advAB 0.492 advBA 0.633 cycA 0.072 cycB 0.084 idtA 0.054 idtB 0.065 | D_A 0.108 D_B 0.165 | gG 17.47 gD 6.78 | nonfinite 0 | lr 8.67e-05 | 19.9 img/s
2026-10-03 10:34:10,934 | ep  48 it  1400 step   84073 | G 3.318 advAB 0.469 advBA 0.666 cycA 0.071 cycB 0.086 idtA 0.055 idtB 0.068 | D_A 0.103 D_B 0.166 | gG 17.60 gD 6.34 | nonfinite 0 | lr 8.67e-05 | 19.9 img/s
2026-10-03 10:34:31,121 | ep  48 it  1500 step   84173 | G 3.370 advAB 0.482 advBA 0.669 cycA 0.074 cycB 0.087 idtA 0.057 idtB 0.064 | D_A 0.103 D_B 0.156 | gG 19.27 gD 6.20 | nonfinite 0 | lr 8.67e-05 | 19.8 img/s
2026-10-03 10:34:51,234 | ep  48 it  1600 step   84273 | G 3.358 advAB 0.475 advBA 0.693 cycA 0.073 cycB 0.086 idtA 0.056 idtB 0.065 | D_A 0.103 D_B 0.157 | gG 18.35 gD 6.47 | nonfinite 0 | lr 8.67e-05 | 19.9 img/s
2026-10-03 10:35:11,273 | ep  48 it  1700 step   84373 | G 3.320 advAB 0.500 advBA 0.691 cycA 0.071 cycB 0.083 idtA 0.053 idtB 0.065 | D_A 0.105 D_B 0.157 | gG 16.90 gD 6.50 | nonfinite 0 | lr 8.67e-05 | 20.0 img/s
2026-10-03 10:35:23,190 | ep  48 it  1759 step   84432 | G 3.386 advAB 0.466 advBA 0.687 cycA 0.075 cycB 0.087 idtA 0.057 idtB 0.065 | D_A 0.108 D_B 0.165 | gG 21.27 gD 6.91 | nonfinite 0 | lr 8.67e-05 | 19.8 img/s
2026-10-03 10:35:23,193 | == epoch 48/60 done in 5.9 min | last G 3.386 D_A 0.108 D_B 0.165 | ETA 1.18 h
2026-10-03 10:35:45,260 | ep  49 it   100 step   84532 | G 3.375 advAB 0.497 advBA 0.687 cycA 0.075 cycB 0.084 idtA 0.056 idtB 0.065 | D_A 0.098 D_B 0.155 | gG 17.91 gD 6.35 | nonfinite 0 | lr 8.00e-05 | 19.8 img/s
2026-10-03 10:36:05,421 | ep  49 it   200 step   84632 | G 3.318 advAB 0.489 advBA 0.681 cycA 0.071 cycB 0.084 idtA 0.053 idtB 0.067 | D_A 0.101 D_B 0.152 | gG 17.40 gD 6.26 | nonfinite 0 | lr 8.00e-05 | 19.8 img/s
2026-10-03 10:36:25,473 | ep  49 it   300 step   84732 | G 3.248 advAB 0.502 advBA 0.645 cycA 0.071 cycB 0.082 idtA 0.052 idtB 0.064 | D_A 0.104 D_B 0.157 | gG 16.23 gD 6.39 | nonfinite 0 | lr 8.00e-05 | 20.0 img/s
2026-10-03 10:36:45,533 | ep  49 it   400 step   84832 | G 3.294 advAB 0.483 advBA 0.682 cycA 0.070 cycB 0.083 idtA 0.052 idtB 0.067 | D_A 0.104 D_B 0.156 | gG 16.92 gD 6.60 | nonfinite 0 | lr 8.00e-05 | 19.9 img/s
2026-10-03 10:37:05,682 | ep  49 it   500 step   84932 | G 3.247 advAB 0.476 advBA 0.673 cycA 0.070 cycB 0.082 idtA 0.052 idtB 0.064 | D_A 0.108 D_B 0.158 | gG 18.25 gD 6.68 | nonfinite 0 | lr 8.00e-05 | 19.9 img/s
2026-10-03 10:37:25,751 | ep  49 it   600 step   85032 | G 3.293 advAB 0.493 advBA 0.677 cycA 0.072 cycB 0.082 idtA 0.054 idtB 0.063 | D_A 0.105 D_B 0.156 | gG 17.20 gD 6.55 | nonfinite 0 | lr 8.00e-05 | 19.9 img/s
2026-10-03 10:37:45,833 | ep  49 it   700 step   85132 | G 3.285 advAB 0.491 advBA 0.671 cycA 0.072 cycB 0.082 idtA 0.052 idtB 0.064 | D_A 0.108 D_B 0.160 | gG 16.20 gD 6.81 | nonfinite 0 | lr 8.00e-05 | 19.9 img/s
2026-10-03 10:38:05,905 | ep  49 it   800 step   85232 | G 3.346 advAB 0.492 advBA 0.707 cycA 0.072 cycB 0.083 idtA 0.053 idtB 0.066 | D_A 0.109 D_B 0.153 | gG 18.55 gD 6.52 | nonfinite 0 | lr 8.00e-05 | 19.9 img/s
2026-10-03 10:38:26,062 | ep  49 it   900 step   85332 | G 3.302 advAB 0.485 advBA 0.678 cycA 0.072 cycB 0.083 idtA 0.052 idtB 0.066 | D_A 0.104 D_B 0.163 | gG 16.72 gD 6.49 | nonfinite 0 | lr 8.00e-05 | 19.9 img/s
2026-10-03 10:38:46,155 | ep  49 it  1000 step   85432 | G 3.313 advAB 0.476 advBA 0.695 cycA 0.072 cycB 0.083 idtA 0.053 idtB 0.065 | D_A 0.100 D_B 0.163 | gG 18.33 gD 6.69 | nonfinite 0 | lr 8.00e-05 | 19.9 img/s
2026-10-03 10:39:06,220 | ep  49 it  1100 step   85532 | G 3.252 advAB 0.475 advBA 0.672 cycA 0.072 cycB 0.081 idtA 0.053 idtB 0.063 | D_A 0.109 D_B 0.161 | gG 16.28 gD 6.75 | nonfinite 0 | lr 8.00e-05 | 19.9 img/s
2026-10-03 10:39:26,322 | ep  49 it  1200 step   85632 | G 3.250 advAB 0.501 advBA 0.655 cycA 0.070 cycB 0.082 idtA 0.051 idtB 0.064 | D_A 0.105 D_B 0.157 | gG 16.13 gD 6.62 | nonfinite 0 | lr 8.00e-05 | 19.9 img/s
2026-10-03 10:39:46,462 | ep  49 it  1300 step   85732 | G 3.340 advAB 0.470 advBA 0.712 cycA 0.072 cycB 0.084 idtA 0.054 idtB 0.065 | D_A 0.102 D_B 0.163 | gG 19.04 gD 6.62 | nonfinite 0 | lr 8.00e-05 | 19.9 img/s
2026-10-03 10:40:06,589 | ep  49 it  1400 step   85832 | G 3.326 advAB 0.484 advBA 0.673 cycA 0.072 cycB 0.085 idtA 0.053 idtB 0.067 | D_A 0.109 D_B 0.160 | gG 17.42 gD 7.03 | nonfinite 0 | lr 8.00e-05 | 19.9 img/s
2026-10-03 10:40:26,630 | ep  49 it  1500 step   85932 | G 3.271 advAB 0.477 advBA 0.680 cycA 0.071 cycB 0.082 idtA 0.053 idtB 0.064 | D_A 0.108 D_B 0.163 | gG 18.74 gD 7.09 | nonfinite 0 | lr 8.00e-05 | 20.0 img/s
2026-10-03 10:40:46,720 | ep  49 it  1600 step   86032 | G 3.294 advAB 0.491 advBA 0.701 cycA 0.072 cycB 0.082 idtA 0.052 idtB 0.062 | D_A 0.102 D_B 0.157 | gG 15.89 gD 6.46 | nonfinite 0 | lr 8.00e-05 | 19.9 img/s
2026-10-03 10:41:06,805 | ep  49 it  1700 step   86132 | G 3.263 advAB 0.477 advBA 0.665 cycA 0.070 cycB 0.084 idtA 0.051 idtB 0.065 | D_A 0.108 D_B 0.163 | gG 16.83 gD 6.86 | nonfinite 0 | lr 8.00e-05 | 19.9 img/s
2026-10-03 10:41:18,672 | ep  49 it  1759 step   86191 | G 3.333 advAB 0.490 advBA 0.710 cycA 0.071 cycB 0.082 idtA 0.053 idtB 0.066 | D_A 0.099 D_B 0.160 | gG 16.51 gD 6.46 | nonfinite 0 | lr 8.00e-05 | 19.9 img/s
2026-10-03 10:41:18,675 | == epoch 49/60 done in 5.9 min | last G 3.333 D_A 0.099 D_B 0.160 | ETA 1.08 h
2026-10-03 10:41:40,759 | ep  50 it   100 step   86291 | G 3.300 advAB 0.477 advBA 0.687 cycA 0.072 cycB 0.082 idtA 0.055 idtB 0.065 | D_A 0.098 D_B 0.159 | gG 17.98 gD 6.38 | nonfinite 0 | lr 7.33e-05 | 19.9 img/s
2026-10-03 10:42:00,990 | ep  50 it   200 step   86391 | G 3.305 advAB 0.489 advBA 0.695 cycA 0.072 cycB 0.081 idtA 0.053 idtB 0.064 | D_A 0.098 D_B 0.159 | gG 17.87 gD 6.60 | nonfinite 0 | lr 7.33e-05 | 19.8 img/s
2026-10-03 10:42:21,079 | ep  50 it   300 step   86491 | G 3.270 advAB 0.486 advBA 0.693 cycA 0.072 cycB 0.080 idtA 0.053 idtB 0.062 | D_A 0.102 D_B 0.156 | gG 16.81 gD 6.44 | nonfinite 0 | lr 7.33e-05 | 19.9 img/s
2026-10-03 10:42:41,300 | ep  50 it   400 step   86591 | G 3.255 advAB 0.493 advBA 0.684 cycA 0.071 cycB 0.080 idtA 0.051 idtB 0.063 | D_A 0.105 D_B 0.160 | gG 16.21 gD 6.61 | nonfinite 0 | lr 7.33e-05 | 19.8 img/s
2026-10-03 10:43:01,469 | ep  50 it   500 step   86691 | G 3.336 advAB 0.503 advBA 0.674 cycA 0.073 cycB 0.083 idtA 0.053 idtB 0.067 | D_A 0.109 D_B 0.160 | gG 15.19 gD 6.63 | nonfinite 0 | lr 7.33e-05 | 19.8 img/s
2026-10-03 10:43:21,580 | ep  50 it   600 step   86791 | G 3.389 advAB 0.490 advBA 0.703 cycA 0.074 cycB 0.085 idtA 0.056 idtB 0.065 | D_A 0.105 D_B 0.155 | gG 24.66 gD 6.67 | nonfinite 0 | lr 7.33e-05 | 19.9 img/s
2026-10-03 10:43:41,813 | ep  50 it   700 step   86891 | G 3.310 advAB 0.478 advBA 0.703 cycA 0.071 cycB 0.083 idtA 0.053 idtB 0.063 | D_A 0.096 D_B 0.157 | gG 15.71 gD 6.55 | nonfinite 0 | lr 7.33e-05 | 19.8 img/s
2026-10-03 10:44:02,068 | ep  50 it   800 step   86991 | G 3.221 advAB 0.468 advBA 0.693 cycA 0.068 cycB 0.081 idtA 0.051 idtB 0.063 | D_A 0.107 D_B 0.164 | gG 15.51 gD 6.89 | nonfinite 0 | lr 7.33e-05 | 19.8 img/s
2026-10-03 10:44:22,257 | ep  50 it   900 step   87091 | G 3.218 advAB 0.477 advBA 0.678 cycA 0.070 cycB 0.079 idtA 0.051 idtB 0.063 | D_A 0.097 D_B 0.157 | gG 16.23 gD 6.47 | nonfinite 0 | lr 7.33e-05 | 19.8 img/s
2026-10-03 10:44:42,411 | ep  50 it  1000 step   87191 | G 3.274 advAB 0.477 advBA 0.688 cycA 0.072 cycB 0.081 idtA 0.053 idtB 0.063 | D_A 0.106 D_B 0.157 | gG 17.58 gD 6.54 | nonfinite 0 | lr 7.33e-05 | 19.9 img/s
2026-10-03 10:45:02,688 | ep  50 it  1100 step   87291 | G 3.229 advAB 0.495 advBA 0.707 cycA 0.069 cycB 0.078 idtA 0.051 idtB 0.060 | D_A 0.100 D_B 0.159 | gG 15.13 gD 6.56 | nonfinite 0 | lr 7.33e-05 | 19.7 img/s
2026-10-03 10:45:22,917 | ep  50 it  1200 step   87391 | G 3.267 advAB 0.501 advBA 0.693 cycA 0.070 cycB 0.081 idtA 0.050 idtB 0.063 | D_A 0.104 D_B 0.154 | gG 16.97 gD 6.74 | nonfinite 0 | lr 7.33e-05 | 19.8 img/s
2026-10-03 10:45:43,054 | ep  50 it  1300 step   87491 | G 3.230 advAB 0.484 advBA 0.670 cycA 0.070 cycB 0.081 idtA 0.050 idtB 0.064 | D_A 0.109 D_B 0.164 | gG 17.66 gD 6.92 | nonfinite 0 | lr 7.33e-05 | 19.9 img/s
2026-10-03 10:46:03,258 | ep  50 it  1400 step   87591 | G 3.243 advAB 0.478 advBA 0.664 cycA 0.070 cycB 0.082 idtA 0.051 idtB 0.065 | D_A 0.105 D_B 0.158 | gG 18.03 gD 6.62 | nonfinite 0 | lr 7.33e-05 | 19.8 img/s
2026-10-03 10:46:23,496 | ep  50 it  1500 step   87691 | G 3.270 advAB 0.490 advBA 0.693 cycA 0.070 cycB 0.081 idtA 0.051 idtB 0.066 | D_A 0.109 D_B 0.162 | gG 15.93 gD 6.97 | nonfinite 0 | lr 7.33e-05 | 19.8 img/s
2026-10-03 10:46:43,679 | ep  50 it  1600 step   87791 | G 3.267 advAB 0.483 advBA 0.681 cycA 0.071 cycB 0.081 idtA 0.051 idtB 0.065 | D_A 0.103 D_B 0.159 | gG 17.06 gD 6.82 | nonfinite 0 | lr 7.33e-05 | 19.8 img/s
2026-10-03 10:47:03,921 | ep  50 it  1700 step   87891 | G 3.248 advAB 0.482 advBA 0.666 cycA 0.071 cycB 0.082 idtA 0.052 idtB 0.063 | D_A 0.105 D_B 0.157 | gG 17.80 gD 6.76 | nonfinite 0 | lr 7.33e-05 | 19.8 img/s
2026-10-03 10:47:15,834 | ep  50 it  1759 step   87950 | G 3.270 advAB 0.471 advBA 0.708 cycA 0.071 cycB 0.081 idtA 0.052 idtB 0.063 | D_A 0.105 D_B 0.164 | gG 15.22 gD 6.90 | nonfinite 0 | lr 7.33e-05 | 19.8 img/s
2026-10-03 10:47:15,838 | == epoch 50/60 done in 5.9 min | last G 3.270 D_A 0.105 D_B 0.164 | ETA 0.99 h
2026-10-03 10:47:42,623 |    FID (held-out) B2A 92.12 | A2B 91.87 | avg 91.99 (25s)
2026-10-03 10:48:07,870 | ep  51 it   100 step   88050 | G 3.231 advAB 0.495 advBA 0.697 cycA 0.070 cycB 0.078 idtA 0.051 idtB 0.060 | D_A 0.101 D_B 0.155 | gG 15.44 gD 6.74 | nonfinite 0 | lr 6.67e-05 | 19.7 img/s
2026-10-03 10:48:28,192 | ep  51 it   200 step   88150 | G 3.176 advAB 0.465 advBA 0.667 cycA 0.070 cycB 0.078 idtA 0.050 idtB 0.061 | D_A 0.103 D_B 0.166 | gG 15.64 gD 6.99 | nonfinite 0 | lr 6.67e-05 | 19.7 img/s
2026-10-03 10:48:48,396 | ep  51 it   300 step   88250 | G 3.187 advAB 0.465 advBA 0.668 cycA 0.069 cycB 0.079 idtA 0.050 idtB 0.064 | D_A 0.102 D_B 0.161 | gG 16.79 gD 6.56 | nonfinite 0 | lr 6.67e-05 | 19.8 img/s
2026-10-03 10:49:08,629 | ep  51 it   400 step   88350 | G 3.291 advAB 0.488 advBA 0.695 cycA 0.071 cycB 0.081 idtA 0.052 idtB 0.064 | D_A 0.099 D_B 0.162 | gG 16.38 gD 6.85 | nonfinite 0 | lr 6.67e-05 | 19.8 img/s
2026-10-03 10:49:28,865 | ep  51 it   500 step   88450 | G 3.205 advAB 0.473 advBA 0.710 cycA 0.069 cycB 0.078 idtA 0.051 idtB 0.061 | D_A 0.100 D_B 0.160 | gG 15.50 gD 6.74 | nonfinite 0 | lr 6.67e-05 | 19.8 img/s
2026-10-03 10:49:49,181 | ep  51 it   600 step   88550 | G 3.208 advAB 0.489 advBA 0.672 cycA 0.069 cycB 0.079 idtA 0.050 idtB 0.062 | D_A 0.106 D_B 0.156 | gG 18.29 gD 6.69 | nonfinite 0 | lr 6.67e-05 | 19.7 img/s
2026-10-03 10:50:09,453 | ep  51 it   700 step   88650 | G 3.219 advAB 0.482 advBA 0.681 cycA 0.070 cycB 0.079 idtA 0.051 idtB 0.062 | D_A 0.098 D_B 0.162 | gG 16.63 gD 6.63 | nonfinite 0 | lr 6.67e-05 | 19.7 img/s
2026-10-03 10:50:29,728 | ep  51 it   800 step   88750 | G 3.203 advAB 0.468 advBA 0.649 cycA 0.071 cycB 0.080 idtA 0.051 idtB 0.065 | D_A 0.104 D_B 0.161 | gG 17.06 gD 6.96 | nonfinite 0 | lr 6.67e-05 | 19.7 img/s
2026-10-03 10:50:49,986 | ep  51 it   900 step   88850 | G 3.238 advAB 0.496 advBA 0.699 cycA 0.069 cycB 0.079 idtA 0.050 idtB 0.062 | D_A 0.102 D_B 0.158 | gG 15.99 gD 6.85 | nonfinite 0 | lr 6.67e-05 | 19.8 img/s
2026-10-03 10:51:10,184 | ep  51 it  1000 step   88950 | G 3.259 advAB 0.477 advBA 0.687 cycA 0.070 cycB 0.082 idtA 0.051 idtB 0.065 | D_A 0.106 D_B 0.162 | gG 16.27 gD 6.93 | nonfinite 0 | lr 6.67e-05 | 19.8 img/s
2026-10-03 10:51:30,399 | ep  51 it  1100 step   89050 | G 3.229 advAB 0.481 advBA 0.668 cycA 0.070 cycB 0.081 idtA 0.051 idtB 0.063 | D_A 0.102 D_B 0.159 | gG 16.97 gD 6.87 | nonfinite 0 | lr 6.67e-05 | 19.8 img/s
2026-10-03 10:51:50,688 | ep  51 it  1200 step   89150 | G 3.244 advAB 0.477 advBA 0.677 cycA 0.071 cycB 0.081 idtA 0.051 idtB 0.063 | D_A 0.106 D_B 0.157 | gG 18.85 gD 6.92 | nonfinite 0 | lr 6.67e-05 | 19.7 img/s
2026-10-03 10:52:10,863 | ep  51 it  1300 step   89250 | G 3.226 advAB 0.468 advBA 0.683 cycA 0.069 cycB 0.081 idtA 0.050 idtB 0.064 | D_A 0.106 D_B 0.168 | gG 17.01 gD 6.89 | nonfinite 0 | lr 6.67e-05 | 19.8 img/s
2026-10-03 10:52:31,141 | ep  51 it  1400 step   89350 | G 3.280 advAB 0.483 advBA 0.700 cycA 0.070 cycB 0.082 idtA 0.053 idtB 0.061 | D_A 0.099 D_B 0.155 | gG 18.64 gD 6.70 | nonfinite 0 | lr 6.67e-05 | 19.7 img/s
2026-10-03 10:52:51,303 | ep  51 it  1500 step   89450 | G 3.258 advAB 0.500 advBA 0.686 cycA 0.070 cycB 0.081 idtA 0.051 idtB 0.062 | D_A 0.106 D_B 0.158 | gG 16.06 gD 7.12 | nonfinite 0 | lr 6.67e-05 | 19.8 img/s
2026-10-03 10:53:11,519 | ep  51 it  1600 step   89550 | G 3.159 advAB 0.473 advBA 0.670 cycA 0.069 cycB 0.077 idtA 0.050 idtB 0.060 | D_A 0.109 D_B 0.162 | gG 16.17 gD 7.22 | nonfinite 0 | lr 6.67e-05 | 19.8 img/s
2026-10-03 10:53:31,808 | ep  51 it  1700 step   89650 | G 3.211 advAB 0.482 advBA 0.679 cycA 0.070 cycB 0.079 idtA 0.051 idtB 0.061 | D_A 0.101 D_B 0.162 | gG 17.03 gD 6.99 | nonfinite 0 | lr 6.67e-05 | 19.7 img/s
2026-10-03 10:53:43,769 | ep  51 it  1759 step   89709 | G 3.311 advAB 0.492 advBA 0.690 cycA 0.069 cycB 0.086 idtA 0.049 idtB 0.067 | D_A 0.106 D_B 0.162 | gG 18.52 gD 7.08 | nonfinite 0 | lr 6.67e-05 | 19.7 img/s
2026-10-03 10:53:43,772 | == epoch 51/60 done in 6.0 min | last G 3.311 D_A 0.106 D_B 0.162 | ETA 0.90 h
2026-10-03 10:54:06,019 | ep  52 it   100 step   89809 | G 3.233 advAB 0.491 advBA 0.683 cycA 0.069 cycB 0.080 idtA 0.050 idtB 0.064 | D_A 0.104 D_B 0.151 | gG 17.71 gD 6.58 | nonfinite 0 | lr 6.00e-05 | 19.6 img/s
2026-10-03 10:54:26,445 | ep  52 it   200 step   89909 | G 3.210 advAB 0.492 advBA 0.714 cycA 0.070 cycB 0.076 idtA 0.051 idtB 0.058 | D_A 0.099 D_B 0.158 | gG 18.76 gD 6.95 | nonfinite 0 | lr 6.00e-05 | 19.6 img/s
2026-10-03 10:54:46,699 | ep  52 it   300 step   90009 | G 3.217 advAB 0.471 advBA 0.710 cycA 0.071 cycB 0.077 idtA 0.052 idtB 0.058 | D_A 0.096 D_B 0.161 | gG 15.79 gD 6.78 | nonfinite 0 | lr 6.00e-05 | 19.8 img/s
2026-10-03 10:55:07,120 | ep  52 it   400 step   90109 | G 3.189 advAB 0.474 advBA 0.680 cycA 0.069 cycB 0.079 idtA 0.049 idtB 0.062 | D_A 0.103 D_B 0.163 | gG 15.36 gD 7.07 | nonfinite 0 | lr 6.00e-05 | 19.6 img/s
2026-10-03 10:55:27,405 | ep  52 it   500 step   90209 | G 3.236 advAB 0.490 advBA 0.683 cycA 0.071 cycB 0.079 idtA 0.052 idtB 0.061 | D_A 0.102 D_B 0.160 | gG 17.95 gD 6.95 | nonfinite 0 | lr 6.00e-05 | 19.7 img/s
2026-10-03 10:55:47,774 | ep  52 it   600 step   90309 | G 3.280 advAB 0.493 advBA 0.676 cycA 0.070 cycB 0.084 idtA 0.051 idtB 0.064 | D_A 0.101 D_B 0.156 | gG 15.53 gD 6.80 | nonfinite 0 | lr 6.00e-05 | 19.6 img/s
2026-10-03 10:56:08,076 | ep  52 it   700 step   90409 | G 3.204 advAB 0.476 advBA 0.671 cycA 0.069 cycB 0.081 idtA 0.050 idtB 0.063 | D_A 0.105 D_B 0.161 | gG 15.50 gD 6.88 | nonfinite 0 | lr 6.00e-05 | 19.7 img/s
2026-10-03 10:56:28,279 | ep  52 it   800 step   90509 | G 3.230 advAB 0.477 advBA 0.681 cycA 0.069 cycB 0.081 idtA 0.051 idtB 0.063 | D_A 0.107 D_B 0.164 | gG 18.52 gD 7.23 | nonfinite 0 | lr 6.00e-05 | 19.8 img/s
2026-10-03 10:56:48,444 | ep  52 it   900 step   90609 | G 3.272 advAB 0.495 advBA 0.704 cycA 0.069 cycB 0.081 idtA 0.050 idtB 0.064 | D_A 0.104 D_B 0.154 | gG 16.67 gD 6.93 | nonfinite 0 | lr 6.00e-05 | 19.8 img/s
2026-10-03 10:57:08,717 | ep  52 it  1000 step   90709 | G 3.177 advAB 0.488 advBA 0.678 cycA 0.070 cycB 0.076 idtA 0.050 idtB 0.060 | D_A 0.104 D_B 0.165 | gG 14.60 gD 7.01 | nonfinite 0 | lr 6.00e-05 | 19.7 img/s
2026-10-03 10:57:28,891 | ep  52 it  1100 step   90809 | G 3.223 advAB 0.477 advBA 0.709 cycA 0.069 cycB 0.079 idtA 0.050 idtB 0.062 | D_A 0.101 D_B 0.166 | gG 16.13 gD 7.13 | nonfinite 0 | lr 6.00e-05 | 19.8 img/s
2026-10-03 10:57:49,122 | ep  52 it  1200 step   90909 | G 3.153 advAB 0.484 advBA 0.672 cycA 0.068 cycB 0.078 idtA 0.048 idtB 0.060 | D_A 0.103 D_B 0.163 | gG 15.20 gD 7.02 | nonfinite 0 | lr 6.00e-05 | 19.8 img/s
2026-10-03 10:58:09,351 | ep  52 it  1300 step   91009 | G 3.381 advAB 0.483 advBA 0.747 cycA 0.072 cycB 0.084 idtA 0.056 idtB 0.063 | D_A 0.096 D_B 0.159 | gG 19.94 gD 7.01 | nonfinite 0 | lr 6.00e-05 | 19.8 img/s
2026-10-03 10:58:29,579 | ep  52 it  1400 step   91109 | G 3.239 advAB 0.484 advBA 0.704 cycA 0.070 cycB 0.079 idtA 0.052 idtB 0.061 | D_A 0.100 D_B 0.166 | gG 16.01 gD 7.22 | nonfinite 0 | lr 6.00e-05 | 19.8 img/s
2026-10-03 10:58:49,728 | ep  52 it  1500 step   91209 | G 3.258 advAB 0.489 advBA 0.704 cycA 0.070 cycB 0.081 idtA 0.051 idtB 0.061 | D_A 0.104 D_B 0.159 | gG 15.59 gD 6.85 | nonfinite 0 | lr 6.00e-05 | 19.9 img/s
2026-10-03 10:59:09,925 | ep  52 it  1600 step   91309 | G 3.275 advAB 0.490 advBA 0.711 cycA 0.071 cycB 0.080 idtA 0.051 idtB 0.063 | D_A 0.101 D_B 0.162 | gG 16.79 gD 6.93 | nonfinite 0 | lr 6.00e-05 | 19.8 img/s
2026-10-03 10:59:30,056 | ep  52 it  1700 step   91409 | G 3.246 advAB 0.483 advBA 0.687 cycA 0.070 cycB 0.081 idtA 0.051 idtB 0.061 | D_A 0.102 D_B 0.157 | gG 17.76 gD 6.90 | nonfinite 0 | lr 6.00e-05 | 19.9 img/s
2026-10-03 10:59:42,017 | ep  52 it  1759 step   91468 | G 3.220 advAB 0.465 advBA 0.713 cycA 0.070 cycB 0.078 idtA 0.050 idtB 0.061 | D_A 0.095 D_B 0.161 | gG 18.22 gD 6.71 | nonfinite 0 | lr 6.00e-05 | 19.7 img/s
2026-10-03 10:59:42,019 | == epoch 52/60 done in 5.9 min | last G 3.220 D_A 0.095 D_B 0.161 | ETA 0.79 h
2026-10-03 11:00:05,855 | ep  53 it   100 step   91568 | G 3.179 advAB 0.480 advBA 0.690 cycA 0.069 cycB 0.077 idtA 0.049 idtB 0.061 | D_A 0.095 D_B 0.163 | gG 14.55 gD 6.99 | nonfinite 0 | lr 5.33e-05 | 19.7 img/s
2026-10-03 11:00:26,164 | ep  53 it   200 step   91668 | G 3.211 advAB 0.485 advBA 0.714 cycA 0.069 cycB 0.079 idtA 0.049 idtB 0.060 | D_A 0.101 D_B 0.161 | gG 16.49 gD 7.06 | nonfinite 0 | lr 5.33e-05 | 19.7 img/s
2026-10-03 11:00:46,407 | ep  53 it   300 step   91768 | G 3.230 advAB 0.497 advBA 0.699 cycA 0.070 cycB 0.078 idtA 0.050 idtB 0.061 | D_A 0.098 D_B 0.157 | gG 17.75 gD 7.03 | nonfinite 0 | lr 5.33e-05 | 19.8 img/s
2026-10-03 11:01:06,612 | ep  53 it   400 step   91868 | G 3.184 advAB 0.487 advBA 0.694 cycA 0.069 cycB 0.077 idtA 0.049 idtB 0.059 | D_A 0.105 D_B 0.160 | gG 16.50 gD 7.15 | nonfinite 0 | lr 5.33e-05 | 19.8 img/s
2026-10-03 11:01:26,821 | ep  53 it   500 step   91968 | G 3.225 advAB 0.504 advBA 0.695 cycA 0.070 cycB 0.077 idtA 0.051 idtB 0.060 | D_A 0.100 D_B 0.155 | gG 17.30 gD 6.75 | nonfinite 0 | lr 5.33e-05 | 19.8 img/s
2026-10-03 11:01:47,087 | ep  53 it   600 step   92068 | G 3.186 advAB 0.484 advBA 0.683 cycA 0.069 cycB 0.077 idtA 0.050 idtB 0.062 | D_A 0.099 D_B 0.160 | gG 14.90 gD 6.99 | nonfinite 0 | lr 5.33e-05 | 19.7 img/s
2026-10-03 11:02:07,395 | ep  53 it   700 step   92168 | G 3.204 advAB 0.486 advBA 0.703 cycA 0.069 cycB 0.078 idtA 0.049 idtB 0.060 | D_A 0.102 D_B 0.157 | gG 17.10 gD 7.00 | nonfinite 0 | lr 5.33e-05 | 19.7 img/s
2026-10-03 11:02:27,616 | ep  53 it   800 step   92268 | G 3.254 advAB 0.493 advBA 0.707 cycA 0.070 cycB 0.080 idtA 0.050 idtB 0.061 | D_A 0.108 D_B 0.159 | gG 18.82 gD 7.19 | nonfinite 0 | lr 5.33e-05 | 19.8 img/s
2026-10-03 11:02:47,953 | ep  53 it   900 step   92368 | G 3.226 advAB 0.489 advBA 0.683 cycA 0.069 cycB 0.081 idtA 0.049 idtB 0.062 | D_A 0.100 D_B 0.159 | gG 16.68 gD 7.00 | nonfinite 0 | lr 5.33e-05 | 19.7 img/s
2026-10-03 11:03:08,247 | ep  53 it  1000 step   92468 | G 3.188 advAB 0.496 advBA 0.684 cycA 0.069 cycB 0.078 idtA 0.048 idtB 0.060 | D_A 0.105 D_B 0.161 | gG 16.21 gD 7.23 | nonfinite 0 | lr 5.33e-05 | 19.7 img/s
2026-10-03 11:03:28,497 | ep  53 it  1100 step   92568 | G 3.269 advAB 0.500 advBA 0.720 cycA 0.069 cycB 0.081 idtA 0.049 idtB 0.061 | D_A 0.098 D_B 0.159 | gG 15.75 gD 6.94 | nonfinite 0 | lr 5.33e-05 | 19.8 img/s
2026-10-03 11:03:48,753 | ep  53 it  1200 step   92668 | G 3.162 advAB 0.470 advBA 0.699 cycA 0.069 cycB 0.077 idtA 0.049 idtB 0.059 | D_A 0.103 D_B 0.164 | gG 16.98 gD 7.30 | nonfinite 0 | lr 5.33e-05 | 19.8 img/s
2026-10-03 11:04:09,092 | ep  53 it  1300 step   92768 | G 3.233 advAB 0.483 advBA 0.686 cycA 0.069 cycB 0.081 idtA 0.049 idtB 0.064 | D_A 0.101 D_B 0.160 | gG 19.97 gD 7.23 | nonfinite 0 | lr 5.33e-05 | 19.7 img/s
2026-10-03 11:04:29,420 | ep  53 it  1400 step   92868 | G 3.321 advAB 0.487 advBA 0.734 cycA 0.072 cycB 0.082 idtA 0.052 idtB 0.059 | D_A 0.092 D_B 0.154 | gG 17.56 gD 6.91 | nonfinite 0 | lr 5.33e-05 | 19.7 img/s
2026-10-03 11:04:49,726 | ep  53 it  1500 step   92968 | G 3.253 advAB 0.470 advBA 0.721 cycA 0.069 cycB 0.081 idtA 0.050 idtB 0.062 | D_A 0.095 D_B 0.163 | gG 17.56 gD 7.05 | nonfinite 0 | lr 5.33e-05 | 19.7 img/s
2026-10-03 11:05:10,015 | ep  53 it  1600 step   93068 | G 3.149 advAB 0.476 advBA 0.684 cycA 0.069 cycB 0.076 idtA 0.049 idtB 0.059 | D_A 0.096 D_B 0.163 | gG 15.85 gD 7.29 | nonfinite 0 | lr 5.33e-05 | 19.7 img/s
2026-10-03 11:05:30,328 | ep  53 it  1700 step   93168 | G 3.135 advAB 0.463 advBA 0.676 cycA 0.068 cycB 0.077 idtA 0.048 idtB 0.060 | D_A 0.101 D_B 0.164 | gG 17.73 gD 7.57 | nonfinite 0 | lr 5.33e-05 | 19.7 img/s
2026-10-03 11:05:42,229 | ep  53 it  1759 step   93227 | G 3.209 advAB 0.472 advBA 0.700 cycA 0.068 cycB 0.081 idtA 0.048 idtB 0.062 | D_A 0.109 D_B 0.155 | gG 17.39 gD 7.19 | nonfinite 0 | lr 5.33e-05 | 19.8 img/s
2026-10-03 11:05:42,231 | == epoch 53/60 done in 6.0 min | last G 3.209 D_A 0.109 D_B 0.155 | ETA 0.70 h
2026-10-03 11:06:05,541 | ep  54 it   100 step   93327 | G 3.231 advAB 0.504 advBA 0.706 cycA 0.070 cycB 0.077 idtA 0.050 idtB 0.060 | D_A 0.099 D_B 0.151 | gG 16.14 gD 6.99 | nonfinite 0 | lr 4.67e-05 | 19.7 img/s
2026-10-03 11:06:25,978 | ep  54 it   200 step   93427 | G 3.212 advAB 0.495 advBA 0.690 cycA 0.069 cycB 0.078 idtA 0.049 idtB 0.060 | D_A 0.093 D_B 0.159 | gG 17.60 gD 7.00 | nonfinite 0 | lr 4.67e-05 | 19.6 img/s
2026-10-03 11:06:46,305 | ep  54 it   300 step   93527 | G 3.198 advAB 0.485 advBA 0.687 cycA 0.069 cycB 0.079 idtA 0.050 idtB 0.061 | D_A 0.102 D_B 0.155 | gG 17.92 gD 6.96 | nonfinite 0 | lr 4.67e-05 | 19.7 img/s
2026-10-03 11:07:06,628 | ep  54 it   400 step   93627 | G 3.205 advAB 0.494 advBA 0.700 cycA 0.069 cycB 0.077 idtA 0.050 idtB 0.060 | D_A 0.098 D_B 0.162 | gG 15.75 gD 7.11 | nonfinite 0 | lr 4.67e-05 | 19.7 img/s
2026-10-03 11:07:26,957 | ep  54 it   500 step   93727 | G 3.177 advAB 0.481 advBA 0.703 cycA 0.069 cycB 0.077 idtA 0.049 idtB 0.059 | D_A 0.102 D_B 0.158 | gG 16.15 gD 7.28 | nonfinite 0 | lr 4.67e-05 | 19.7 img/s
2026-10-03 11:07:47,384 | ep  54 it   600 step   93827 | G 3.183 advAB 0.486 advBA 0.722 cycA 0.068 cycB 0.076 idtA 0.048 idtB 0.059 | D_A 0.100 D_B 0.155 | gG 16.60 gD 7.22 | nonfinite 0 | lr 4.67e-05 | 19.6 img/s
2026-10-03 11:08:07,661 | ep  54 it   700 step   93927 | G 3.221 advAB 0.508 advBA 0.704 cycA 0.070 cycB 0.077 idtA 0.049 idtB 0.059 | D_A 0.102 D_B 0.154 | gG 17.22 gD 7.15 | nonfinite 0 | lr 4.67e-05 | 19.7 img/s
2026-10-03 11:08:27,991 | ep  54 it   800 step   94027 | G 3.189 advAB 0.481 advBA 0.712 cycA 0.070 cycB 0.075 idtA 0.050 idtB 0.059 | D_A 0.100 D_B 0.159 | gG 17.95 gD 7.21 | nonfinite 0 | lr 4.67e-05 | 19.7 img/s
2026-10-03 11:08:48,344 | ep  54 it   900 step   94127 | G 3.147 advAB 0.482 advBA 0.692 cycA 0.068 cycB 0.075 idtA 0.048 idtB 0.059 | D_A 0.098 D_B 0.158 | gG 16.91 gD 7.10 | nonfinite 0 | lr 4.67e-05 | 19.7 img/s
2026-10-03 11:09:08,685 | ep  54 it  1000 step   94227 | G 3.142 advAB 0.472 advBA 0.694 cycA 0.069 cycB 0.075 idtA 0.049 idtB 0.058 | D_A 0.103 D_B 0.160 | gG 16.26 gD 7.15 | nonfinite 0 | lr 4.67e-05 | 19.7 img/s
2026-10-03 11:09:29,004 | ep  54 it  1100 step   94327 | G 3.164 advAB 0.477 advBA 0.705 cycA 0.067 cycB 0.076 idtA 0.049 idtB 0.060 | D_A 0.103 D_B 0.158 | gG 16.58 gD 7.50 | nonfinite 0 | lr 4.67e-05 | 19.7 img/s
2026-10-03 11:09:49,273 | ep  54 it  1200 step   94427 | G 3.192 advAB 0.472 advBA 0.700 cycA 0.069 cycB 0.079 idtA 0.049 idtB 0.061 | D_A 0.104 D_B 0.164 | gG 16.20 gD 7.40 | nonfinite 0 | lr 4.67e-05 | 19.7 img/s
2026-10-03 11:10:09,575 | ep  54 it  1300 step   94527 | G 3.175 advAB 0.487 advBA 0.677 cycA 0.068 cycB 0.078 idtA 0.048 idtB 0.062 | D_A 0.099 D_B 0.160 | gG 14.91 gD 7.33 | nonfinite 0 | lr 4.67e-05 | 19.7 img/s
2026-10-03 11:10:29,773 | ep  54 it  1400 step   94627 | G 3.152 advAB 0.468 advBA 0.702 cycA 0.067 cycB 0.077 idtA 0.048 idtB 0.060 | D_A 0.097 D_B 0.163 | gG 15.44 gD 7.18 | nonfinite 0 | lr 4.67e-05 | 19.8 img/s
2026-10-03 11:10:49,975 | ep  54 it  1500 step   94727 | G 3.222 advAB 0.494 advBA 0.712 cycA 0.070 cycB 0.077 idtA 0.050 idtB 0.059 | D_A 0.102 D_B 0.162 | gG 16.98 gD 7.42 | nonfinite 0 | lr 4.67e-05 | 19.8 img/s
2026-10-03 11:11:10,173 | ep  54 it  1600 step   94827 | G 3.188 advAB 0.481 advBA 0.699 cycA 0.069 cycB 0.076 idtA 0.051 idtB 0.060 | D_A 0.098 D_B 0.161 | gG 16.09 gD 7.11 | nonfinite 0 | lr 4.67e-05 | 19.8 img/s
2026-10-03 11:11:30,335 | ep  54 it  1700 step   94927 | G 3.194 advAB 0.487 advBA 0.694 cycA 0.069 cycB 0.077 idtA 0.049 idtB 0.061 | D_A 0.102 D_B 0.157 | gG 17.55 gD 7.14 | nonfinite 0 | lr 4.67e-05 | 19.9 img/s
2026-10-03 11:11:42,219 | ep  54 it  1759 step   94986 | G 3.137 advAB 0.460 advBA 0.682 cycA 0.070 cycB 0.076 idtA 0.050 idtB 0.059 | D_A 0.100 D_B 0.165 | gG 15.64 gD 7.14 | nonfinite 0 | lr 4.67e-05 | 19.9 img/s
2026-10-03 11:11:42,223 | == epoch 54/60 done in 6.0 min | last G 3.137 D_A 0.100 D_B 0.165 | ETA 0.60 h
2026-10-03 11:12:05,315 | ep  55 it   100 step   95086 | G 3.161 advAB 0.477 advBA 0.695 cycA 0.068 cycB 0.077 idtA 0.048 idtB 0.060 | D_A 0.099 D_B 0.155 | gG 14.90 gD 7.04 | nonfinite 0 | lr 4.00e-05 | 19.9 img/s
2026-10-03 11:12:25,474 | ep  55 it   200 step   95186 | G 3.178 advAB 0.487 advBA 0.700 cycA 0.069 cycB 0.076 idtA 0.049 idtB 0.059 | D_A 0.100 D_B 0.159 | gG 15.68 gD 7.35 | nonfinite 0 | lr 4.00e-05 | 19.9 img/s
2026-10-03 11:12:45,567 | ep  55 it   300 step   95286 | G 3.125 advAB 0.491 advBA 0.690 cycA 0.068 cycB 0.074 idtA 0.047 idtB 0.057 | D_A 0.097 D_B 0.162 | gG 15.07 gD 7.44 | nonfinite 0 | lr 4.00e-05 | 19.9 img/s
2026-10-03 11:13:05,720 | ep  55 it   400 step   95386 | G 3.184 advAB 0.489 advBA 0.713 cycA 0.069 cycB 0.075 idtA 0.049 idtB 0.059 | D_A 0.099 D_B 0.157 | gG 15.99 gD 6.96 | nonfinite 0 | lr 4.00e-05 | 19.9 img/s
2026-10-03 11:13:25,871 | ep  55 it   500 step   95486 | G 3.151 advAB 0.477 advBA 0.701 cycA 0.068 cycB 0.076 idtA 0.048 idtB 0.059 | D_A 0.097 D_B 0.161 | gG 15.61 gD 7.28 | nonfinite 0 | lr 4.00e-05 | 19.9 img/s
2026-10-03 11:13:45,830 | ep  55 it   600 step   95586 | G 3.145 advAB 0.484 advBA 0.709 cycA 0.068 cycB 0.074 idtA 0.048 idtB 0.058 | D_A 0.101 D_B 0.157 | gG 15.26 gD 7.44 | nonfinite 0 | lr 4.00e-05 | 20.0 img/s
2026-10-03 11:14:05,711 | ep  55 it   700 step   95686 | G 3.154 advAB 0.480 advBA 0.701 cycA 0.069 cycB 0.075 idtA 0.048 idtB 0.058 | D_A 0.098 D_B 0.164 | gG 15.74 gD 7.50 | nonfinite 0 | lr 4.00e-05 | 20.1 img/s
2026-10-03 11:14:25,532 | ep  55 it   800 step   95786 | G 3.195 advAB 0.486 advBA 0.700 cycA 0.069 cycB 0.077 idtA 0.049 idtB 0.061 | D_A 0.103 D_B 0.159 | gG 14.66 gD 7.64 | nonfinite 0 | lr 4.00e-05 | 20.2 img/s
2026-10-03 11:14:45,497 | ep  55 it   900 step   95886 | G 3.188 advAB 0.499 advBA 0.702 cycA 0.069 cycB 0.077 idtA 0.049 idtB 0.058 | D_A 0.099 D_B 0.152 | gG 18.55 gD 7.15 | nonfinite 0 | lr 4.00e-05 | 20.0 img/s
2026-10-03 11:15:05,476 | ep  55 it  1000 step   95986 | G 3.190 advAB 0.484 advBA 0.703 cycA 0.068 cycB 0.078 idtA 0.048 idtB 0.060 | D_A 0.094 D_B 0.163 | gG 16.24 gD 7.29 | nonfinite 0 | lr 4.00e-05 | 20.0 img/s
2026-10-03 11:15:25,430 | ep  55 it  1100 step   96086 | G 3.198 advAB 0.489 advBA 0.731 cycA 0.067 cycB 0.077 idtA 0.048 idtB 0.059 | D_A 0.099 D_B 0.154 | gG 17.52 gD 7.75 | nonfinite 0 | lr 4.00e-05 | 20.1 img/s
2026-10-03 11:15:45,431 | ep  55 it  1200 step   96186 | G 3.161 advAB 0.490 advBA 0.689 cycA 0.069 cycB 0.076 idtA 0.048 idtB 0.059 | D_A 0.102 D_B 0.155 | gG 16.02 gD 7.57 | nonfinite 0 | lr 4.00e-05 | 20.0 img/s
2026-10-03 11:16:05,402 | ep  55 it  1300 step   96286 | G 3.290 advAB 0.489 advBA 0.712 cycA 0.071 cycB 0.081 idtA 0.050 idtB 0.063 | D_A 0.095 D_B 0.166 | gG 19.51 gD 7.43 | nonfinite 0 | lr 4.00e-05 | 20.0 img/s
2026-10-03 11:16:25,491 | ep  55 it  1400 step   96386 | G 3.257 advAB 0.480 advBA 0.725 cycA 0.069 cycB 0.082 idtA 0.050 idtB 0.059 | D_A 0.097 D_B 0.166 | gG 22.15 gD 7.66 | nonfinite 0 | lr 4.00e-05 | 19.9 img/s
2026-10-03 11:16:45,414 | ep  55 it  1500 step   96486 | G 3.341 advAB 0.499 advBA 0.721 cycA 0.072 cycB 0.084 idtA 0.052 idtB 0.060 | D_A 0.096 D_B 0.158 | gG 24.41 gD 7.32 | nonfinite 0 | lr 4.00e-05 | 20.1 img/s
2026-10-03 11:17:05,573 | ep  55 it  1600 step   96586 | G 3.277 advAB 0.494 advBA 0.742 cycA 0.070 cycB 0.081 idtA 0.050 idtB 0.057 | D_A 0.090 D_B 0.160 | gG 17.17 gD 7.22 | nonfinite 0 | lr 4.00e-05 | 19.8 img/s
2026-10-03 11:17:25,542 | ep  55 it  1700 step   96686 | G 3.204 advAB 0.475 advBA 0.721 cycA 0.068 cycB 0.079 idtA 0.049 idtB 0.059 | D_A 0.095 D_B 0.161 | gG 18.56 gD 7.47 | nonfinite 0 | lr 4.00e-05 | 20.0 img/s
2026-10-03 11:17:37,365 | ep  55 it  1759 step   96745 | G 3.242 advAB 0.505 advBA 0.726 cycA 0.068 cycB 0.078 idtA 0.049 idtB 0.062 | D_A 0.097 D_B 0.153 | gG 16.76 gD 7.51 | nonfinite 0 | lr 4.00e-05 | 20.0 img/s
2026-10-03 11:17:37,367 | == epoch 55/60 done in 5.9 min | last G 3.242 D_A 0.097 D_B 0.153 | ETA 0.49 h
2026-10-03 11:18:05,625 |    FID (held-out) B2A 91.77 | A2B 92.63 | avg 92.20 (27s)
2026-10-03 11:18:26,857 | ep  56 it   100 step   96845 | G 3.231 advAB 0.495 advBA 0.709 cycA 0.070 cycB 0.078 idtA 0.050 idtB 0.060 | D_A 0.091 D_B 0.158 | gG 18.84 gD 7.15 | nonfinite 0 | lr 3.33e-05 | 19.8 img/s
2026-10-03 11:18:46,970 | ep  56 it   200 step   96945 | G 3.281 advAB 0.504 advBA 0.759 cycA 0.069 cycB 0.078 idtA 0.051 idtB 0.060 | D_A 0.093 D_B 0.152 | gG 20.70 gD 7.33 | nonfinite 0 | lr 3.33e-05 | 19.9 img/s
2026-10-03 11:19:07,000 | ep  56 it   300 step   97045 | G 3.237 advAB 0.509 advBA 0.723 cycA 0.069 cycB 0.077 idtA 0.050 idtB 0.060 | D_A 0.093 D_B 0.158 | gG 17.94 gD 7.37 | nonfinite 0 | lr 3.33e-05 | 20.0 img/s
2026-10-03 11:19:27,004 | ep  56 it   400 step   97145 | G 3.243 advAB 0.501 advBA 0.736 cycA 0.069 cycB 0.077 idtA 0.049 idtB 0.059 | D_A 0.091 D_B 0.153 | gG 16.64 gD 7.68 | nonfinite 0 | lr 3.33e-05 | 20.0 img/s
2026-10-03 11:19:47,013 | ep  56 it   500 step   97245 | G 3.139 advAB 0.470 advBA 0.707 cycA 0.068 cycB 0.075 idtA 0.049 idtB 0.057 | D_A 0.092 D_B 0.162 | gG 16.51 gD 7.56 | nonfinite 0 | lr 3.33e-05 | 20.0 img/s
2026-10-03 11:20:07,133 | ep  56 it   600 step   97345 | G 3.186 advAB 0.490 advBA 0.699 cycA 0.069 cycB 0.077 idtA 0.048 idtB 0.059 | D_A 0.094 D_B 0.158 | gG 16.89 gD 7.47 | nonfinite 0 | lr 3.33e-05 | 19.9 img/s
2026-10-03 11:20:27,182 | ep  56 it   700 step   97445 | G 3.163 advAB 0.484 advBA 0.717 cycA 0.068 cycB 0.075 idtA 0.048 idtB 0.058 | D_A 0.092 D_B 0.166 | gG 15.03 gD 7.65 | nonfinite 0 | lr 3.33e-05 | 20.0 img/s
2026-10-03 11:20:47,192 | ep  56 it   800 step   97545 | G 3.173 advAB 0.496 advBA 0.726 cycA 0.068 cycB 0.074 idtA 0.048 idtB 0.057 | D_A 0.094 D_B 0.159 | gG 14.96 gD 7.56 | nonfinite 0 | lr 3.33e-05 | 20.0 img/s
2026-10-03 11:21:07,191 | ep  56 it   900 step   97645 | G 3.152 advAB 0.498 advBA 0.701 cycA 0.068 cycB 0.075 idtA 0.048 idtB 0.058 | D_A 0.096 D_B 0.155 | gG 14.42 gD 7.56 | nonfinite 0 | lr 3.33e-05 | 20.0 img/s
2026-10-03 11:21:27,223 | ep  56 it  1000 step   97745 | G 3.217 advAB 0.486 advBA 0.765 cycA 0.069 cycB 0.075 idtA 0.049 idtB 0.058 | D_A 0.097 D_B 0.157 | gG 19.94 gD 7.51 | nonfinite 0 | lr 3.33e-05 | 20.0 img/s
2026-10-03 11:21:47,197 | ep  56 it  1100 step   97845 | G 3.160 advAB 0.482 advBA 0.702 cycA 0.069 cycB 0.075 idtA 0.050 idtB 0.059 | D_A 0.100 D_B 0.158 | gG 16.81 gD 7.45 | nonfinite 0 | lr 3.33e-05 | 20.0 img/s
2026-10-03 11:22:07,297 | ep  56 it  1200 step   97945 | G 3.200 advAB 0.480 advBA 0.725 cycA 0.068 cycB 0.077 idtA 0.048 idtB 0.061 | D_A 0.095 D_B 0.159 | gG 17.62 gD 7.81 | nonfinite 0 | lr 3.33e-05 | 19.9 img/s
2026-10-03 11:22:27,403 | ep  56 it  1300 step   98045 | G 3.202 advAB 0.499 advBA 0.722 cycA 0.068 cycB 0.077 idtA 0.048 idtB 0.059 | D_A 0.095 D_B 0.156 | gG 16.82 gD 7.55 | nonfinite 0 | lr 3.33e-05 | 19.9 img/s
2026-10-03 11:22:47,477 | ep  56 it  1400 step   98145 | G 3.164 advAB 0.497 advBA 0.689 cycA 0.069 cycB 0.076 idtA 0.049 idtB 0.058 | D_A 0.096 D_B 0.163 | gG 16.58 gD 7.57 | nonfinite 0 | lr 3.33e-05 | 19.9 img/s
2026-10-03 11:23:07,458 | ep  56 it  1500 step   98245 | G 3.164 advAB 0.498 advBA 0.703 cycA 0.068 cycB 0.075 idtA 0.048 idtB 0.058 | D_A 0.095 D_B 0.160 | gG 15.37 gD 7.52 | nonfinite 0 | lr 3.33e-05 | 20.0 img/s
2026-10-03 11:23:27,414 | ep  56 it  1600 step   98345 | G 3.149 advAB 0.473 advBA 0.725 cycA 0.069 cycB 0.074 idtA 0.048 idtB 0.058 | D_A 0.096 D_B 0.160 | gG 16.27 gD 7.62 | nonfinite 0 | lr 3.33e-05 | 20.1 img/s
2026-10-03 11:23:47,500 | ep  56 it  1700 step   98445 | G 3.163 advAB 0.481 advBA 0.711 cycA 0.068 cycB 0.076 idtA 0.048 idtB 0.058 | D_A 0.093 D_B 0.164 | gG 16.24 gD 7.56 | nonfinite 0 | lr 3.33e-05 | 19.9 img/s
2026-10-03 11:23:59,326 | ep  56 it  1759 step   98504 | G 3.203 advAB 0.505 advBA 0.721 cycA 0.068 cycB 0.076 idtA 0.048 idtB 0.059 | D_A 0.102 D_B 0.154 | gG 14.87 gD 7.80 | nonfinite 0 | lr 3.33e-05 | 20.0 img/s
2026-10-03 11:23:59,328 | == epoch 56/60 done in 5.9 min | last G 3.203 D_A 0.102 D_B 0.154 | ETA 0.39 h
2026-10-03 11:24:21,253 | ep  57 it   100 step   98604 | G 3.152 advAB 0.504 advBA 0.697 cycA 0.067 cycB 0.075 idtA 0.047 idtB 0.059 | D_A 0.096 D_B 0.155 | gG 15.64 gD 7.44 | nonfinite 0 | lr 2.67e-05 | 19.9 img/s
2026-10-03 11:24:41,325 | ep  57 it   200 step   98704 | G 3.121 advAB 0.481 advBA 0.700 cycA 0.068 cycB 0.073 idtA 0.047 idtB 0.058 | D_A 0.096 D_B 0.158 | gG 14.76 gD 7.47 | nonfinite 0 | lr 2.67e-05 | 19.9 img/s
2026-10-03 11:25:01,381 | ep  57 it   300 step   98804 | G 3.185 advAB 0.489 advBA 0.721 cycA 0.070 cycB 0.075 idtA 0.050 idtB 0.055 | D_A 0.093 D_B 0.163 | gG 23.65 gD 7.62 | nonfinite 0 | lr 2.67e-05 | 20.0 img/s
2026-10-03 11:25:21,378 | ep  57 it   400 step   98904 | G 3.195 advAB 0.490 advBA 0.731 cycA 0.068 cycB 0.077 idtA 0.049 idtB 0.057 | D_A 0.087 D_B 0.156 | gG 14.98 gD 7.33 | nonfinite 0 | lr 2.67e-05 | 20.0 img/s
2026-10-03 11:25:41,384 | ep  57 it   500 step   99004 | G 3.184 advAB 0.484 advBA 0.711 cycA 0.069 cycB 0.076 idtA 0.049 idtB 0.059 | D_A 0.094 D_B 0.157 | gG 17.27 gD 7.41 | nonfinite 0 | lr 2.67e-05 | 20.0 img/s
2026-10-03 11:26:01,383 | ep  57 it   600 step   99104 | G 3.178 advAB 0.488 advBA 0.722 cycA 0.068 cycB 0.075 idtA 0.048 idtB 0.058 | D_A 0.093 D_B 0.153 | gG 15.80 gD 7.46 | nonfinite 0 | lr 2.67e-05 | 20.0 img/s
2026-10-03 11:26:21,428 | ep  57 it   700 step   99204 | G 3.217 advAB 0.506 advBA 0.764 cycA 0.068 cycB 0.074 idtA 0.048 idtB 0.058 | D_A 0.090 D_B 0.154 | gG 15.48 gD 7.60 | nonfinite 0 | lr 2.67e-05 | 20.0 img/s
2026-10-03 11:26:41,417 | ep  57 it   800 step   99304 | G 3.226 advAB 0.495 advBA 0.758 cycA 0.068 cycB 0.077 idtA 0.047 idtB 0.059 | D_A 0.094 D_B 0.160 | gG 17.35 gD 7.71 | nonfinite 0 | lr 2.67e-05 | 20.0 img/s
2026-10-03 11:27:01,457 | ep  57 it   900 step   99404 | G 3.187 advAB 0.484 advBA 0.734 cycA 0.069 cycB 0.075 idtA 0.048 idtB 0.058 | D_A 0.091 D_B 0.156 | gG 16.79 gD 7.37 | nonfinite 0 | lr 2.67e-05 | 20.0 img/s
2026-10-03 11:27:21,527 | ep  57 it  1000 step   99504 | G 3.191 advAB 0.507 advBA 0.730 cycA 0.069 cycB 0.074 idtA 0.048 idtB 0.057 | D_A 0.094 D_B 0.151 | gG 15.51 gD 7.43 | nonfinite 0 | lr 2.67e-05 | 19.9 img/s
2026-10-03 11:27:41,545 | ep  57 it  1100 step   99604 | G 3.157 advAB 0.489 advBA 0.700 cycA 0.068 cycB 0.076 idtA 0.048 idtB 0.057 | D_A 0.093 D_B 0.163 | gG 20.47 gD 7.75 | nonfinite 0 | lr 2.67e-05 | 20.0 img/s
2026-10-03 11:28:01,619 | ep  57 it  1200 step   99704 | G 3.161 advAB 0.478 advBA 0.714 cycA 0.067 cycB 0.076 idtA 0.047 idtB 0.059 | D_A 0.097 D_B 0.159 | gG 17.17 gD 7.79 | nonfinite 0 | lr 2.67e-05 | 19.9 img/s
2026-10-03 11:28:21,668 | ep  57 it  1300 step   99804 | G 3.163 advAB 0.483 advBA 0.706 cycA 0.068 cycB 0.076 idtA 0.048 idtB 0.059 | D_A 0.093 D_B 0.162 | gG 16.57 gD 7.59 | nonfinite 0 | lr 2.67e-05 | 20.0 img/s
2026-10-03 11:28:41,728 | ep  57 it  1400 step   99904 | G 3.163 advAB 0.482 advBA 0.721 cycA 0.068 cycB 0.075 idtA 0.047 idtB 0.059 | D_A 0.098 D_B 0.161 | gG 15.67 gD 7.79 | nonfinite 0 | lr 2.67e-05 | 19.9 img/s
2026-10-03 11:29:01,700 | ep  57 it  1500 step  100004 | G 3.133 advAB 0.492 advBA 0.698 cycA 0.068 cycB 0.074 idtA 0.048 idtB 0.057 | D_A 0.095 D_B 0.158 | gG 16.70 gD 7.60 | nonfinite 0 | lr 2.67e-05 | 20.0 img/s
2026-10-03 11:29:21,695 | ep  57 it  1600 step  100104 | G 3.162 advAB 0.480 advBA 0.722 cycA 0.068 cycB 0.076 idtA 0.048 idtB 0.057 | D_A 0.091 D_B 0.160 | gG 18.59 gD 7.69 | nonfinite 0 | lr 2.67e-05 | 20.0 img/s
2026-10-03 11:29:41,628 | ep  57 it  1700 step  100204 | G 3.177 advAB 0.490 advBA 0.726 cycA 0.069 cycB 0.075 idtA 0.049 idtB 0.057 | D_A 0.096 D_B 0.154 | gG 16.28 gD 7.54 | nonfinite 0 | lr 2.67e-05 | 20.1 img/s
2026-10-03 11:29:53,402 | ep  57 it  1759 step  100263 | G 3.219 advAB 0.506 advBA 0.751 cycA 0.069 cycB 0.074 idtA 0.048 idtB 0.058 | D_A 0.100 D_B 0.157 | gG 16.21 gD 8.01 | nonfinite 0 | lr 2.67e-05 | 20.1 img/s
2026-10-03 11:29:53,404 | == epoch 57/60 done in 5.9 min | last G 3.219 D_A 0.100 D_B 0.157 | ETA 0.29 h
2026-10-03 11:30:15,795 | ep  58 it   100 step  100363 | G 3.159 advAB 0.489 advBA 0.734 cycA 0.067 cycB 0.074 idtA 0.046 idtB 0.058 | D_A 0.093 D_B 0.157 | gG 15.63 gD 7.58 | nonfinite 0 | lr 2.00e-05 | 19.9 img/s
2026-10-03 11:30:35,894 | ep  58 it   200 step  100463 | G 3.185 advAB 0.483 advBA 0.727 cycA 0.068 cycB 0.075 idtA 0.048 idtB 0.059 | D_A 0.097 D_B 0.158 | gG 14.80 gD 7.60 | nonfinite 0 | lr 2.00e-05 | 19.9 img/s
2026-10-03 11:30:55,902 | ep  58 it   300 step  100563 | G 3.134 advAB 0.479 advBA 0.731 cycA 0.066 cycB 0.074 idtA 0.046 idtB 0.057 | D_A 0.097 D_B 0.159 | gG 15.07 gD 7.80 | nonfinite 0 | lr 2.00e-05 | 20.0 img/s
2026-10-03 11:31:15,879 | ep  58 it   400 step  100663 | G 3.145 advAB 0.484 advBA 0.716 cycA 0.067 cycB 0.075 idtA 0.047 idtB 0.058 | D_A 0.092 D_B 0.158 | gG 16.37 gD 7.66 | nonfinite 0 | lr 2.00e-05 | 20.0 img/s
2026-10-03 11:31:35,906 | ep  58 it   500 step  100763 | G 3.191 advAB 0.507 advBA 0.729 cycA 0.067 cycB 0.075 idtA 0.047 idtB 0.059 | D_A 0.092 D_B 0.151 | gG 16.23 gD 7.57 | nonfinite 0 | lr 2.00e-05 | 20.0 img/s
2026-10-03 11:31:55,951 | ep  58 it   600 step  100863 | G 3.154 advAB 0.492 advBA 0.734 cycA 0.068 cycB 0.073 idtA 0.048 idtB 0.056 | D_A 0.091 D_B 0.155 | gG 16.02 gD 7.62 | nonfinite 0 | lr 2.00e-05 | 20.0 img/s
2026-10-03 11:32:15,976 | ep  58 it   700 step  100963 | G 3.140 advAB 0.479 advBA 0.705 cycA 0.069 cycB 0.074 idtA 0.048 idtB 0.058 | D_A 0.095 D_B 0.162 | gG 13.91 gD 7.95 | nonfinite 0 | lr 2.00e-05 | 20.0 img/s
2026-10-03 11:32:36,145 | ep  58 it   800 step  101063 | G 3.121 advAB 0.481 advBA 0.722 cycA 0.067 cycB 0.073 idtA 0.047 idtB 0.057 | D_A 0.096 D_B 0.158 | gG 16.55 gD 7.73 | nonfinite 0 | lr 2.00e-05 | 19.8 img/s
2026-10-03 11:32:56,275 | ep  58 it   900 step  101163 | G 3.134 advAB 0.495 advBA 0.726 cycA 0.067 cycB 0.074 idtA 0.047 idtB 0.055 | D_A 0.091 D_B 0.152 | gG 15.00 gD 7.74 | nonfinite 0 | lr 2.00e-05 | 19.9 img/s
2026-10-03 11:33:16,381 | ep  58 it  1000 step  101263 | G 3.107 advAB 0.488 advBA 0.705 cycA 0.068 cycB 0.073 idtA 0.047 idtB 0.055 | D_A 0.092 D_B 0.165 | gG 16.69 gD 7.70 | nonfinite 0 | lr 2.00e-05 | 19.9 img/s
2026-10-03 11:33:36,420 | ep  58 it  1100 step  101363 | G 3.188 advAB 0.485 advBA 0.735 cycA 0.068 cycB 0.075 idtA 0.048 idtB 0.059 | D_A 0.097 D_B 0.155 | gG 16.60 gD 7.80 | nonfinite 0 | lr 2.00e-05 | 20.0 img/s
2026-10-03 11:33:56,489 | ep  58 it  1200 step  101463 | G 3.151 advAB 0.506 advBA 0.725 cycA 0.066 cycB 0.073 idtA 0.046 idtB 0.058 | D_A 0.098 D_B 0.158 | gG 14.64 gD 8.10 | nonfinite 0 | lr 2.00e-05 | 19.9 img/s
2026-10-03 11:34:16,474 | ep  58 it  1300 step  101563 | G 3.133 advAB 0.498 advBA 0.718 cycA 0.066 cycB 0.073 idtA 0.046 idtB 0.057 | D_A 0.093 D_B 0.156 | gG 15.56 gD 7.55 | nonfinite 0 | lr 2.00e-05 | 20.0 img/s
2026-10-03 11:34:36,633 | ep  58 it  1400 step  101663 | G 3.116 advAB 0.481 advBA 0.722 cycA 0.067 cycB 0.073 idtA 0.047 idtB 0.056 | D_A 0.093 D_B 0.162 | gG 14.42 gD 7.76 | nonfinite 0 | lr 2.00e-05 | 19.8 img/s
2026-10-03 11:34:56,778 | ep  58 it  1500 step  101763 | G 3.125 advAB 0.493 advBA 0.725 cycA 0.067 cycB 0.072 idtA 0.047 idtB 0.056 | D_A 0.095 D_B 0.157 | gG 16.51 gD 7.76 | nonfinite 0 | lr 2.00e-05 | 19.9 img/s
2026-10-03 11:35:16,826 | ep  58 it  1600 step  101863 | G 3.200 advAB 0.510 advBA 0.727 cycA 0.068 cycB 0.075 idtA 0.048 idtB 0.058 | D_A 0.093 D_B 0.158 | gG 18.07 gD 7.83 | nonfinite 0 | lr 2.00e-05 | 20.0 img/s
2026-10-03 11:35:36,912 | ep  58 it  1700 step  101963 | G 3.178 advAB 0.493 advBA 0.726 cycA 0.068 cycB 0.076 idtA 0.047 idtB 0.057 | D_A 0.101 D_B 0.156 | gG 20.61 gD 7.81 | nonfinite 0 | lr 2.00e-05 | 19.9 img/s
2026-10-03 11:35:48,772 | ep  58 it  1759 step  102022 | G 3.141 advAB 0.471 advBA 0.709 cycA 0.069 cycB 0.074 idtA 0.049 idtB 0.056 | D_A 0.090 D_B 0.161 | gG 14.38 gD 7.56 | nonfinite 0 | lr 2.00e-05 | 19.9 img/s
2026-10-03 11:35:48,775 | == epoch 58/60 done in 5.9 min | last G 3.141 D_A 0.090 D_B 0.161 | ETA 0.20 h
2026-10-03 11:36:10,992 | ep  59 it   100 step  102122 | G 3.113 advAB 0.483 advBA 0.695 cycA 0.069 cycB 0.073 idtA 0.047 idtB 0.056 | D_A 0.093 D_B 0.157 | gG 14.92 gD 7.56 | nonfinite 0 | lr 1.33e-05 | 19.8 img/s
2026-10-03 11:36:31,192 | ep  59 it   200 step  102222 | G 3.135 advAB 0.485 advBA 0.727 cycA 0.067 cycB 0.074 idtA 0.047 idtB 0.056 | D_A 0.096 D_B 0.159 | gG 15.48 gD 7.79 | nonfinite 0 | lr 1.33e-05 | 19.8 img/s
2026-10-03 11:36:51,237 | ep  59 it   300 step  102322 | G 3.177 advAB 0.489 advBA 0.734 cycA 0.068 cycB 0.074 idtA 0.048 idtB 0.058 | D_A 0.094 D_B 0.158 | gG 16.13 gD 7.66 | nonfinite 0 | lr 1.33e-05 | 20.0 img/s
2026-10-03 11:37:11,334 | ep  59 it   400 step  102422 | G 3.133 advAB 0.498 advBA 0.739 cycA 0.068 cycB 0.071 idtA 0.047 idtB 0.054 | D_A 0.094 D_B 0.159 | gG 14.91 gD 7.56 | nonfinite 0 | lr 1.33e-05 | 19.9 img/s
2026-10-03 11:37:31,413 | ep  59 it   500 step  102522 | G 3.069 advAB 0.488 advBA 0.702 cycA 0.066 cycB 0.071 idtA 0.046 idtB 0.054 | D_A 0.095 D_B 0.155 | gG 14.75 gD 7.84 | nonfinite 0 | lr 1.33e-05 | 19.9 img/s
2026-10-03 11:37:51,453 | ep  59 it   600 step  102622 | G 3.134 advAB 0.491 advBA 0.734 cycA 0.068 cycB 0.071 idtA 0.047 idtB 0.056 | D_A 0.091 D_B 0.153 | gG 15.28 gD 7.79 | nonfinite 0 | lr 1.33e-05 | 20.0 img/s
2026-10-03 11:38:11,522 | ep  59 it   700 step  102722 | G 3.134 advAB 0.488 advBA 0.729 cycA 0.068 cycB 0.072 idtA 0.047 idtB 0.056 | D_A 0.094 D_B 0.157 | gG 15.76 gD 7.92 | nonfinite 0 | lr 1.33e-05 | 19.9 img/s
2026-10-03 11:38:31,634 | ep  59 it   800 step  102822 | G 3.143 advAB 0.487 advBA 0.747 cycA 0.067 cycB 0.073 idtA 0.047 idtB 0.054 | D_A 0.087 D_B 0.161 | gG 16.67 gD 7.71 | nonfinite 0 | lr 1.33e-05 | 19.9 img/s
2026-10-03 11:38:51,679 | ep  59 it   900 step  102922 | G 3.144 advAB 0.482 advBA 0.751 cycA 0.068 cycB 0.072 idtA 0.048 idtB 0.055 | D_A 0.095 D_B 0.156 | gG 15.37 gD 7.92 | nonfinite 0 | lr 1.33e-05 | 20.0 img/s
2026-10-03 11:39:11,713 | ep  59 it  1000 step  103022 | G 3.164 advAB 0.501 advBA 0.714 cycA 0.067 cycB 0.076 idtA 0.046 idtB 0.059 | D_A 0.094 D_B 0.155 | gG 16.94 gD 7.64 | nonfinite 0 | lr 1.33e-05 | 20.0 img/s
2026-10-03 11:39:31,819 | ep  59 it  1100 step  103122 | G 3.112 advAB 0.472 advBA 0.715 cycA 0.067 cycB 0.074 idtA 0.046 idtB 0.057 | D_A 0.094 D_B 0.158 | gG 16.17 gD 7.93 | nonfinite 0 | lr 1.33e-05 | 19.9 img/s
2026-10-03 11:39:51,916 | ep  59 it  1200 step  103222 | G 3.160 advAB 0.489 advBA 0.751 cycA 0.068 cycB 0.073 idtA 0.047 idtB 0.056 | D_A 0.094 D_B 0.158 | gG 16.82 gD 7.69 | nonfinite 0 | lr 1.33e-05 | 19.9 img/s
2026-10-03 11:40:11,916 | ep  59 it  1300 step  103322 | G 3.162 advAB 0.499 advBA 0.735 cycA 0.068 cycB 0.073 idtA 0.047 idtB 0.056 | D_A 0.093 D_B 0.153 | gG 15.67 gD 7.77 | nonfinite 0 | lr 1.33e-05 | 20.0 img/s
2026-10-03 11:40:32,018 | ep  59 it  1400 step  103422 | G 3.157 advAB 0.489 advBA 0.720 cycA 0.068 cycB 0.074 idtA 0.047 idtB 0.058 | D_A 0.092 D_B 0.158 | gG 15.63 gD 7.79 | nonfinite 0 | lr 1.33e-05 | 19.9 img/s
2026-10-03 11:40:52,086 | ep  59 it  1500 step  103522 | G 3.172 advAB 0.494 advBA 0.732 cycA 0.068 cycB 0.074 idtA 0.047 idtB 0.058 | D_A 0.088 D_B 0.157 | gG 14.99 gD 7.81 | nonfinite 0 | lr 1.33e-05 | 19.9 img/s
2026-10-03 11:41:12,169 | ep  59 it  1600 step  103622 | G 3.146 advAB 0.471 advBA 0.742 cycA 0.068 cycB 0.073 idtA 0.048 idtB 0.057 | D_A 0.098 D_B 0.159 | gG 16.04 gD 7.68 | nonfinite 0 | lr 1.33e-05 | 19.9 img/s
2026-10-03 11:41:32,263 | ep  59 it  1700 step  103722 | G 3.172 advAB 0.480 advBA 0.726 cycA 0.068 cycB 0.076 idtA 0.047 idtB 0.059 | D_A 0.091 D_B 0.156 | gG 21.58 gD 7.61 | nonfinite 0 | lr 1.33e-05 | 19.9 img/s
2026-10-03 11:41:44,171 | ep  59 it  1759 step  103781 | G 3.225 advAB 0.479 advBA 0.781 cycA 0.068 cycB 0.076 idtA 0.047 idtB 0.057 | D_A 0.085 D_B 0.147 | gG 15.62 gD 7.59 | nonfinite 0 | lr 1.33e-05 | 19.8 img/s
2026-10-03 11:41:44,174 | == epoch 59/60 done in 5.9 min | last G 3.225 D_A 0.085 D_B 0.147 | ETA 0.10 h
2026-10-03 11:42:06,276 | ep  60 it   100 step  103881 | G 3.167 advAB 0.501 advBA 0.730 cycA 0.067 cycB 0.074 idtA 0.047 idtB 0.058 | D_A 0.091 D_B 0.154 | gG 14.20 gD 7.69 | nonfinite 0 | lr 6.67e-06 | 19.9 img/s
2026-10-03 11:42:26,493 | ep  60 it   200 step  103981 | G 3.117 advAB 0.490 advBA 0.728 cycA 0.067 cycB 0.072 idtA 0.047 idtB 0.055 | D_A 0.089 D_B 0.153 | gG 14.57 gD 7.85 | nonfinite 0 | lr 6.67e-06 | 19.8 img/s
2026-10-03 11:42:46,556 | ep  60 it   300 step  104081 | G 3.149 advAB 0.494 advBA 0.719 cycA 0.067 cycB 0.074 idtA 0.047 idtB 0.058 | D_A 0.088 D_B 0.157 | gG 14.90 gD 7.63 | nonfinite 0 | lr 6.67e-06 | 19.9 img/s
2026-10-03 11:43:06,685 | ep  60 it   400 step  104181 | G 3.117 advAB 0.491 advBA 0.726 cycA 0.068 cycB 0.072 idtA 0.047 idtB 0.054 | D_A 0.094 D_B 0.159 | gG 14.04 gD 7.66 | nonfinite 0 | lr 6.67e-06 | 19.9 img/s
2026-10-03 11:43:26,789 | ep  60 it   500 step  104281 | G 3.129 advAB 0.495 advBA 0.734 cycA 0.067 cycB 0.072 idtA 0.047 idtB 0.056 | D_A 0.088 D_B 0.158 | gG 15.05 gD 7.61 | nonfinite 0 | lr 6.67e-06 | 19.9 img/s
2026-10-03 11:43:46,788 | ep  60 it   600 step  104381 | G 3.126 advAB 0.492 advBA 0.706 cycA 0.068 cycB 0.073 idtA 0.047 idtB 0.057 | D_A 0.091 D_B 0.151 | gG 17.68 gD 7.77 | nonfinite 0 | lr 6.67e-06 | 20.0 img/s
2026-10-03 11:44:06,921 | ep  60 it   700 step  104481 | G 3.120 advAB 0.484 advBA 0.733 cycA 0.067 cycB 0.073 idtA 0.047 idtB 0.054 | D_A 0.099 D_B 0.159 | gG 14.40 gD 7.94 | nonfinite 0 | lr 6.67e-06 | 19.9 img/s
2026-10-03 11:44:27,042 | ep  60 it   800 step  104581 | G 3.144 advAB 0.485 advBA 0.760 cycA 0.066 cycB 0.073 idtA 0.046 idtB 0.055 | D_A 0.089 D_B 0.153 | gG 20.94 gD 7.52 | nonfinite 0 | lr 6.67e-06 | 19.9 img/s
2026-10-03 11:44:47,095 | ep  60 it   900 step  104681 | G 3.143 advAB 0.478 advBA 0.740 cycA 0.068 cycB 0.073 idtA 0.047 idtB 0.056 | D_A 0.092 D_B 0.158 | gG 18.32 gD 7.84 | nonfinite 0 | lr 6.67e-06 | 20.0 img/s
2026-10-03 11:45:07,229 | ep  60 it  1000 step  104781 | G 3.123 advAB 0.471 advBA 0.749 cycA 0.068 cycB 0.071 idtA 0.048 idtB 0.055 | D_A 0.090 D_B 0.158 | gG 14.25 gD 7.76 | nonfinite 0 | lr 6.67e-06 | 19.9 img/s
2026-10-03 11:45:27,368 | ep  60 it  1100 step  104881 | G 3.143 advAB 0.491 advBA 0.733 cycA 0.067 cycB 0.073 idtA 0.047 idtB 0.056 | D_A 0.090 D_B 0.154 | gG 15.67 gD 7.73 | nonfinite 0 | lr 6.67e-06 | 19.9 img/s
2026-10-03 11:45:47,555 | ep  60 it  1200 step  104981 | G 3.091 advAB 0.489 advBA 0.734 cycA 0.066 cycB 0.071 idtA 0.046 idtB 0.053 | D_A 0.089 D_B 0.158 | gG 24.84 gD 7.93 | nonfinite 0 | lr 6.67e-06 | 19.8 img/s
2026-10-03 11:46:07,715 | ep  60 it  1300 step  105081 | G 3.103 advAB 0.473 advBA 0.718 cycA 0.066 cycB 0.073 idtA 0.046 idtB 0.057 | D_A 0.093 D_B 0.159 | gG 16.26 gD 7.97 | nonfinite 0 | lr 6.67e-06 | 19.8 img/s
2026-10-03 11:46:27,835 | ep  60 it  1400 step  105181 | G 3.136 advAB 0.489 advBA 0.718 cycA 0.067 cycB 0.074 idtA 0.047 idtB 0.057 | D_A 0.091 D_B 0.154 | gG 22.30 gD 8.02 | nonfinite 0 | lr 6.67e-06 | 19.9 img/s
2026-10-03 11:46:47,975 | ep  60 it  1500 step  105281 | G 3.178 advAB 0.502 advBA 0.736 cycA 0.069 cycB 0.073 idtA 0.048 idtB 0.056 | D_A 0.092 D_B 0.153 | gG 15.01 gD 7.70 | nonfinite 0 | lr 6.67e-06 | 19.9 img/s
2026-10-03 11:47:08,118 | ep  60 it  1600 step  105381 | G 3.120 advAB 0.501 advBA 0.722 cycA 0.066 cycB 0.073 idtA 0.046 idtB 0.056 | D_A 0.090 D_B 0.152 | gG 14.45 gD 7.84 | nonfinite 0 | lr 6.67e-06 | 19.9 img/s
2026-10-03 11:47:28,198 | ep  60 it  1700 step  105481 | G 3.097 advAB 0.489 advBA 0.697 cycA 0.068 cycB 0.072 idtA 0.047 idtB 0.057 | D_A 0.089 D_B 0.155 | gG 15.74 gD 7.80 | nonfinite 0 | lr 6.67e-06 | 19.9 img/s
2026-10-03 11:47:40,070 | ep  60 it  1759 step  105540 | G 3.124 advAB 0.500 advBA 0.725 cycA 0.068 cycB 0.071 idtA 0.047 idtB 0.054 | D_A 0.097 D_B 0.153 | gG 15.50 gD 7.66 | nonfinite 0 | lr 6.67e-06 | 19.9 img/s
2026-10-03 11:47:40,073 | == epoch 60/60 done in 5.9 min | last G 3.124 D_A 0.097 D_B 0.153 | ETA 0.00 h
2026-10-03 11:48:07,881 |    FID (held-out) B2A 91.86 | A2B 93.33 | avg 92.59 (26s)
2026-10-03 11:48:09,367 | Training finished. best avg FID 91.87 at epoch 40 | total train time 5.80 h | non-finite losses 0
2026-10-03 11:48:14,676 | Export uses best.pt (epoch 40, EMA weights)
2026-10-03 11:48:20,677 | exported 300 images -> /content/drive/MyDrive/DATA_266_Lab-1/Task-3/outputs/pred_A2B in 6.0s (50.2 img/s)
2026-10-03 11:49:20,036 | exported 7038 images -> /content/drive/MyDrive/DATA_266_Lab-1/Task-3/outputs/pred_B2A in 59.4s (118.6 img/s)
